[{"model": "data_tables.classification", "pk": 1, "fields": {"name": "TOPSECRET", "level": 3}}, {"model": "data_tables.classification", "pk": 2, "fields": {"name": "SECRET", "level": 2}}, {"model": "data_tables.classification", "pk": 3, "fields": {"name": "CONFIDENTIAL", "level": 1}}, {"model": "data_tables.classification", "pk": 4, "fields": {"name": "UNCLASSIFIED", "level": 0}}, {"model": "data_tables.accessattribute", "pk": 1, "fields": {"name": "sci=sci1"}}, {"model": "data_tables.accessattribute", "pk": 2, "fields": {"name": "sci=sci2"}}, {"model": "data_tables.accessattribute", "pk": 3, "fields": {"name": "sci=sci3"}}, {"model": "data_tables.accessattribute", "pk": 4, "fields": {"name": "ntk=ntk1"}}, {"model": "data_tables.accessattribute", "pk": 5, "fields": {"name": "ntk=ntk2"}}, {"model": "data_tables.accessattribute", "pk": 6, "fields": {"name": "ntk=ntk3"}}, {"model": "data_tables.accessattribute", "pk": 7, "fields": {"name": "ntk=ntk4"}}, {"model": "data_tables.accessattribute", "pk": 8, "fields": {"name": "ntk=ntk11"}}, {"model": "data_tables.accessattribute", "pk": 9, "fields": {"name": "nationality=usa"}}, {"model": "data_tables.accessattribute", "pk": 10, "fields": {"name": "ntk=ntk6"}}, {"model": "data_tables.accessattribute", "pk": 11, "fields": {"name": "ntk=ntk25"}}, {"model": "data_tables.accessattribute", "pk": 12, "fields": {"name": "ntk=ntk26"}}, {"model": "data_tables.accessattribute", "pk": 13, "fields": {"name": "ntk=ntk12"}}, {"model": "data_tables.accessattribute", "pk": 14, "fields": {"name": "ntk=ntk10"}}, {"model": "data_tables.accessattribute", "pk": 15, "fields": {"name": "ntk=ntk8"}}, {"model": "data_tables.accessattribute", "pk": 16, "fields": {"name": "ntk=ntk18"}}, {"model": "data_tables.accessattribute", "pk": 17, "fields": {"name": "ntk=ntk13"}}, {"model": "data_tables.accessattribute", "pk": 18, "fields": {"name": "ntk=ntk5"}}, {"model": "data_tables.accessattribute", "pk": 19, "fields": {"name": "ntk=ntk19"}}, {"model": "data_tables.accessattribute", "pk": 20, "fields": {"name": "nationality=grb"}}, {"model": "data_tables.accessattribute", "pk": 21, "fields": {"name": "ntk=ntk20"}}, {"model": "data_tables.accessattribute", "pk": 22, "fields": {"name": "ntk=ntk21"}}, {"model": "data_tables.accessattribute", "pk": 23, "fields": {"name": "sci=none"}}, {"model": "data_tables.accessattribute", "pk": 24, "fields": {"name": "sci=sci4"}}, {"model": "data_tables.accessattribute", "pk": 25, "fields": {"name": "ntk=ntk23"}}, {"model": "data_tables.accessattribute", "pk": 26, "fields": {"name": "nationality=can"}}, {"model": "data_tables.accessattribute", "pk": 27, "fields": {"name": "ntk=ntk24"}}, {"model": "data_tables.accessattribute", "pk": 28, "fields": {"name": "sci=sci5"}}, {"model": "data_tables.accessattribute", "pk": 29, "fields": {"name": "ntk=ntk15"}}, {"model": "data_tables.accessattribute", "pk": 30, "fields": {"name": "nationality=nzl"}}, {"model": "data_tables.accessattribute", "pk": 31, "fields": {"name": "ntk=ntk9"}}, {"model": "data_tables.accessattribute", "pk": 32, "fields": {"name": "ntk=ntk22"}}, {"model": "data_tables.accessattribute", "pk": 33, "fields": {"name": "nationality=aus"}}, {"model": "data_tables.accessattribute", "pk": 34, "fields": {"name": "ntk=ntk16"}}, {"model": "data_tables.accessattribute", "pk": 35, "fields": {"name": "ntk=ntk14"}}, {"model": "data_tables.accessattribute", "pk": 36, "fields": {"name": "ntk=ntk7"}}, {"model": "data_tables.datatable", "pk": 1, "fields": {"name": "Operation Plan: Alpha", "classification": 1, "access_attributes": []}}, {"model": "data_tables.datatable", "pk": 2, "fields": {"name": "Top Secret Briefing", "classification": 1, "access_attributes": []}}, {"model": "data_tables.datatable", "pk": 3, "fields": {"name": "Naval Intelligence Report", "classification": 2, "access_attributes": []}}, {"model": "data_tables.datatable", "pk": 4, "fields": {"name": "La La Land Movie Review", "classification": 4, "access_attributes": []}}, {"model": "data_tables.datatable", "pk": 5, "fields": {"name": "NTK1 Table", "classification": 1, "access_attributes": [4]}}, {"model": "data_tables.datatable", "pk": 6, "fields": {"name": "NTK1 + NTK2 Table", "classification": 1, "access_attributes": [4, 5]}}, {"model": "data_tables.datatable", "pk": 7, "fields": {"name": "Weather Report", "classification": 4, "access_attributes": []}}, {"model": "data_tables.datatable", "pk": 9, "fields": {"name": "Financial Data", "classification": 4, "access_attributes": []}}, {"model": "data_tables.datarow", "pk": 1, "fields": {"table": 1, "classification": null, "access_attributes": []}}, {"model": "data_tables.datarow", "pk": 2, "fields": {"table": 1, "classification": null, "access_attributes": []}}, {"model": "data_tables.datarow", "pk": 3, "fields": {"table": 1, "classification": null, "access_attributes": []}}, {"model": "data_tables.datarow", "pk": 4, "fields": {"table": 1, "classification": null, "access_attributes": []}}, {"model": "data_tables.datarow", "pk": 5, "fields": {"table": 2, "classification": 3, "access_attributes": [2, 5]}}, {"model": "data_tables.datarow", "pk": 6, "fields": {"table": 2, "classification": 1, "access_attributes": [2, 5]}}, {"model": "data_tables.datarow", "pk": 7, "fields": {"table": 2, "classification": null, "access_attributes": []}}, {"model": "data_tables.datarow", "pk": 8, "fields": {"table": 3, "classification": null, "access_attributes": []}}, {"model": "data_tables.datarow", "pk": 9, "fields": {"table": 3, "classification": null, "access_attributes": []}}, {"model": "data_tables.datarow", "pk": 10, "fields": {"table": 3, "classification": null, "access_attributes": []}}, {"model": "data_tables.datarow", "pk": 11, "fields": {"table": 4, "classification": null, "access_attributes": []}}, {"model": "data_tables.datarow", "pk": 12, "fields": {"table": 4, "classification": null, "access_attributes": []}}, {"model": "data_tables.datarow", "pk": 13, "fields": {"table": 4, "classification": null, "access_attributes": []}}, {"model": "data_tables.datarow", "pk": 14, "fields": {"table": 4, "classification": null, "access_attributes": []}}, {"model": "data_tables.datarow", "pk": 15, "fields": {"table": 4, "classification": null, "access_attributes": []}}, {"model": "data_tables.datarow", "pk": 16, "fields": {"table": 5, "classification": null, "access_attributes": []}}, {"model": "data_tables.datarow", "pk": 17, "fields": {"table": 6, "classification": null, "access_attributes": []}}, {"model": "data_tables.datarow", "pk": 18, "fields": {"table": 7, "classification": null, "access_attributes": []}}, {"model": "data_tables.datarow", "pk": 19, "fields": {"table": 7, "classification": null, "access_attributes": []}}, {"model": "data_tables.datarow", "pk": 20, "fields": {"table": 9, "classification": 1, "access_attributes": [2, 4, 5, 6, 7, 9, 15]}}, {"model": "data_tables.datarow", "pk": 21, "fields": {"table": 9, "classification": 2, "access_attributes": [36, 9]}}, {"model": "data_tables.datarow", "pk": 22, "fields": {"table": 9, "classification": 3, "access_attributes": [7, 9]}}, {"model": "data_tables.datarow", "pk": 23, "fields": {"table": 9, "classification": 2, "access_attributes": [6, 9]}}, {"model": "data_tables.datarow", "pk": 24, "fields": {"table": 9, "classification": 4, "access_attributes": [9, 18]}}, {"model": "data_tables.datarow", "pk": 25, "fields": {"table": 9, "classification": 1, "access_attributes": [36, 2, 9, 20]}}, {"model": "data_tables.datarow", "pk": 26, "fields": {"table": 9, "classification": 2, "access_attributes": [9, 10]}}, {"model": "data_tables.datarow", "pk": 27, "fields": {"table": 9, "classification": 3, "access_attributes": [9, 10, 20]}}, {"model": "data_tables.datarow", "pk": 28, "fields": {"table": 9, "classification": 4, "access_attributes": [9, 10]}}, {"model": "data_tables.datarow", "pk": 29, "fields": {"table": 9, "classification": 2, "access_attributes": [9, 20]}}, {"model": "data_tables.datarow", "pk": 30, "fields": {"table": 9, "classification": 2, "access_attributes": [9, 26]}}, {"model": "data_tables.datarow", "pk": 31, "fields": {"table": 9, "classification": 2, "access_attributes": [9]}}, {"model": "data_tables.datarow", "pk": 32, "fields": {"table": 9, "classification": 3, "access_attributes": [9, 30]}}, {"model": "data_tables.datarow", "pk": 33, "fields": {"table": 9, "classification": 3, "access_attributes": [9]}}, {"model": "data_tables.datarow", "pk": 34, "fields": {"table": 9, "classification": 1, "access_attributes": [2, 4, 9, 33]}}, {"model": "data_tables.datacolumn", "pk": 1, "fields": {"table": 1, "name": "content", "classification": 3, "access_attributes": [1]}}, {"model": "data_tables.datacolumn", "pk": 2, "fields": {"table": 2, "name": "content", "classification": 1, "access_attributes": []}}, {"model": "data_tables.datacolumn", "pk": 3, "fields": {"table": 3, "name": "content", "classification": null, "access_attributes": []}}, {"model": "data_tables.datacolumn", "pk": 4, "fields": {"table": 4, "name": "content", "classification": null, "access_attributes": []}}, {"model": "data_tables.datacolumn", "pk": 5, "fields": {"table": 5, "name": "content", "classification": null, "access_attributes": []}}, {"model": "data_tables.datacolumn", "pk": 6, "fields": {"table": 6, "name": "content", "classification": null, "access_attributes": []}}, {"model": "data_tables.datacolumn", "pk": 7, "fields": {"table": 7, "name": "Temperature", "classification": null, "access_attributes": []}}, {"model": "data_tables.datacolumn", "pk": 8, "fields": {"table": 7, "name": "Rain", "classification": null, "access_attributes": []}}, {"model": "data_tables.datacolumn", "pk": 26, "fields": {"table": 9, "name": "identifier_nfn", "classification": null, "access_attributes": []}}, {"model": "data_tables.datacolumn", "pk": 27, "fields": {"table": 9, "name": "date_created", "classification": null, "access_attributes": []}}, {"model": "data_tables.datacolumn", "pk": 28, "fields": {"table": 9, "name": "country", "classification": null, "access_attributes": []}}, {"model": "data_tables.datacolumn", "pk": 29, "fields": {"table": 9, "name": "agency", "classification": null, "access_attributes": []}}, {"model": "data_tables.datacolumn", "pk": 30, "fields": {"table": 9, "name": "fiscal_year", "classification": null, "access_attributes": []}}, {"model": "data_tables.datacolumn", "pk": 31, "fields": {"table": 9, "name": "project", "classification": null, "access_attributes": []}}, {"model": "data_tables.datacolumn", "pk": 32, "fields": {"table": 9, "name": "background", "classification": null, "access_attributes": []}}, {"model": "data_tables.datacolumn", "pk": 33, "fields": {"table": 9, "name": "office_branch", "classification": null, "access_attributes": []}}, {"model": "data_tables.datacolumn", "pk": 34, "fields": {"table": 9, "name": "organization", "classification": null, "access_attributes": []}}, {"model": "data_tables.datacolumn", "pk": 35, "fields": {"table": 9, "name": "dollar_amount", "classification": null, "access_attributes": []}}, {"model": "data_tables.datacolumn", "pk": 36, "fields": {"table": 9, "name": "category", "classification": null, "access_attributes": []}}, {"model": "data_tables.datacolumn", "pk": 37, "fields": {"table": 9, "name": "justification", "classification": null, "access_attributes": []}}, {"model": "data_tables.datacolumn", "pk": 38, "fields": {"table": 9, "name": "financial_statement_title", "classification": null, "access_attributes": []}}, {"model": "data_tables.datacolumn", "pk": 39, "fields": {"table": 9, "name": "financial_workflow", "classification": null, "access_attributes": []}}, {"model": "data_tables.datacolumn", "pk": 40, "fields": {"table": 9, "name": "financial_form", "classification": null, "access_attributes": []}}, {"model": "data_tables.datacolumn", "pk": 41, "fields": {"table": 9, "name": "comments", "classification": null, "access_attributes": []}}, {"model": "data_tables.datacolumn", "pk": 42, "fields": {"table": 9, "name": "recent_activity", "classification": null, "access_attributes": []}}, {"model": "data_tables.datacontent", "pk": 1, "fields": {"text_data": "Mission Objective", "bool_data": null, "image_data": "", "float_data": null, "email_data": null, "url_data": null, "decimal_data": null, "int_data": null, "date_data": null, "dollar_data": null}}, {"model": "data_tables.datacontent", "pk": 2, "fields": {"text_data": "Enemy Threat Analysis", "bool_data": null, "image_data": "", "float_data": null, "email_data": null, "url_data": null, "decimal_data": null, "int_data": null, "date_data": null, "dollar_data": null}}, {"model": "data_tables.datacontent", "pk": 3, "fields": {"text_data": "Logistics and Resource Allocation", "bool_data": null, "image_data": "", "float_data": null, "email_data": null, "url_data": null, "decimal_data": null, "int_data": null, "date_data": null, "dollar_data": null}}, {"model": "data_tables.datacontent", "pk": 4, "fields": {"text_data": "Security Threat Assessment", "bool_data": null, "image_data": "", "float_data": null, "email_data": null, "url_data": null, "decimal_data": null, "int_data": null, "date_data": null, "dollar_data": null}}, {"model": "data_tables.datacontent", "pk": 9, "fields": {"text_data": "", "bool_data": null, "image_data": "", "float_data": null, "email_data": null, "url_data": null, "decimal_data": null, "int_data": 999993, "date_data": null, "dollar_data": null}}, {"model": "data_tables.datacontent", "pk": 10, "fields": {"text_data": "", "bool_data": null, "image_data": "", "float_data": null, "email_data": null, "url_data": null, "decimal_data": null, "int_data": 999994, "date_data": null, "dollar_data": null}}, {"model": "data_tables.datacontent", "pk": 11, "fields": {"text_data": "", "bool_data": null, "image_data": "", "float_data": null, "email_data": null, "url_data": null, "decimal_data": null, "int_data": 999995, "date_data": null, "dollar_data": null}}, {"model": "data_tables.datacontent", "pk": 12, "fields": {"text_data": "", "bool_data": null, "image_data": "", "float_data": null, "email_data": null, "url_data": null, "decimal_data": null, "int_data": 999997, "date_data": null, "dollar_data": null}}, {"model": "data_tables.datacontent", "pk": 13, "fields": {"text_data": "", "bool_data": null, "image_data": "", "float_data": null, "email_data": null, "url_data": null, "decimal_data": null, "int_data": 999998, "date_data": null, "dollar_data": null}}, {"model": "data_tables.datacontent", "pk": 14, "fields": {"text_data": "", "bool_data": null, "image_data": "", "float_data": null, "email_data": null, "url_data": null, "decimal_data": null, "int_data": 999999, "date_data": null, "dollar_data": null}}, {"model": "data_tables.datacontent", "pk": 15, "fields": {"text_data": "", "bool_data": null, "image_data": "", "float_data": null, "email_data": null, "url_data": null, "decimal_data": null, "int_data": 1000000, "date_data": null, "dollar_data": null}}, {"model": "data_tables.datacontent", "pk": 16, "fields": {"text_data": "", "bool_data": null, "image_data": "", "float_data": null, "email_data": null, "url_data": null, "decimal_data": null, "int_data": 1000001, "date_data": null, "dollar_data": null}}, {"model": "data_tables.datacontent", "pk": 17, "fields": {"text_data": "", "bool_data": null, "image_data": "", "float_data": null, "email_data": null, "url_data": null, "decimal_data": null, "int_data": null, "date_data": "2023-06-20", "dollar_data": null}}, {"model": "data_tables.datacontent", "pk": 18, "fields": {"text_data": "", "bool_data": null, "image_data": "", "float_data": null, "email_data": null, "url_data": null, "decimal_data": null, "int_data": null, "date_data": "2023-05-01", "dollar_data": null}}, {"model": "data_tables.datacontent", "pk": 19, "fields": {"text_data": "", "bool_data": null, "image_data": "", "float_data": null, "email_data": null, "url_data": null, "decimal_data": null, "int_data": null, "date_data": "2022-07-06", "dollar_data": null}}, {"model": "data_tables.datacontent", "pk": 20, "fields": {"text_data": "", "bool_data": null, "image_data": "", "float_data": null, "email_data": null, "url_data": null, "decimal_data": null, "int_data": null, "date_data": "2022-04-20", "dollar_data": null}}, {"model": "data_tables.datacontent", "pk": 21, "fields": {"text_data": "", "bool_data": null, "image_data": "", "float_data": null, "email_data": null, "url_data": null, "decimal_data": null, "int_data": null, "date_data": "2021-09-15", "dollar_data": null}}, {"model": "data_tables.datacontent", "pk": 22, "fields": {"text_data": "", "bool_data": null, "image_data": "", "float_data": null, "email_data": null, "url_data": null, "decimal_data": null, "int_data": null, "date_data": "2023-03-20", "dollar_data": null}}, {"model": "data_tables.datacontent", "pk": 23, "fields": {"text_data": "", "bool_data": null, "image_data": "", "float_data": null, "email_data": null, "url_data": null, "decimal_data": null, "int_data": null, "date_data": "2023-02-19", "dollar_data": null}}, {"model": "data_tables.datacontent", "pk": 24, "fields": {"text_data": "", "bool_data": null, "image_data": "", "float_data": null, "email_data": null, "url_data": null, "decimal_data": null, "int_data": null, "date_data": "2023-01-09", "dollar_data": null}}, {"model": "data_tables.datacontent", "pk": 25, "fields": {"text_data": "U.S.", "bool_data": null, "image_data": "", "float_data": null, "email_data": null, "url_data": null, "decimal_data": null, "int_data": null, "date_data": null, "dollar_data": null}}, {"model": "data_tables.datacontent", "pk": 26, "fields": {"text_data": "DIA", "bool_data": null, "image_data": "", "float_data": null, "email_data": null, "url_data": null, "decimal_data": null, "int_data": null, "date_data": null, "dollar_data": null}}, {"model": "data_tables.datacontent", "pk": 27, "fields": {"text_data": "", "bool_data": null, "image_data": "", "float_data": null, "email_data": null, "url_data": null, "decimal_data": null, "int_data": 2023, "date_data": null, "dollar_data": null}}, {"model": "data_tables.datacontent", "pk": 28, "fields": {"text_data": "", "bool_data": null, "image_data": "", "float_data": null, "email_data": null, "url_data": null, "decimal_data": null, "int_data": 2022, "date_data": null, "dollar_data": null}}, {"model": "data_tables.datacontent", "pk": 29, "fields": {"text_data": "", "bool_data": null, "image_data": "", "float_data": null, "email_data": null, "url_data": null, "decimal_data": null, "int_data": 2021, "date_data": null, "dollar_data": null}}, {"model": "data_tables.datacontent", "pk": 30, "fields": {"text_data": "US-4567", "bool_data": null, "image_data": "", "float_data": null, "email_data": null, "url_data": null, "decimal_data": null, "int_data": null, "date_data": null, "dollar_data": null}}, {"model": "data_tables.datacontent", "pk": 31, "fields": {"text_data": "US-1234", "bool_data": null, "image_data": "", "float_data": null, "email_data": null, "url_data": null, "decimal_data": null, "int_data": null, "date_data": null, "dollar_data": null}}, {"model": "data_tables.datacontent", "pk": 32, "fields": {"text_data": "US-1357", "bool_data": null, "image_data": "", "float_data": null, "email_data": null, "url_data": null, "decimal_data": null, "int_data": null, "date_data": null, "dollar_data": null}}, {"model": "data_tables.datacontent", "pk": 33, "fields": {"text_data": "US-2468", "bool_data": null, "image_data": "", "float_data": null, "email_data": null, "url_data": null, "decimal_data": null, "int_data": null, "date_data": null, "dollar_data": null}}, {"model": "data_tables.datacontent", "pk": 34, "fields": {"text_data": "", "bool_data": null, "image_data": "", "float_data": null, "email_data": null, "url_data": null, "decimal_data": null, "int_data": null, "date_data": null, "dollar_data": "1200000.00"}}, {"model": "data_tables.datacontent", "pk": 35, "fields": {"text_data": "", "bool_data": null, "image_data": "", "float_data": null, "email_data": null, "url_data": null, "decimal_data": null, "int_data": null, "date_data": null, "dollar_data": "4000000.00"}}, {"model": "data_tables.datacontent", "pk": 36, "fields": {"text_data": "", "bool_data": null, "image_data": "", "float_data": null, "email_data": null, "url_data": null, "decimal_data": null, "int_data": null, "date_data": null, "dollar_data": "650000.00"}}, {"model": "data_tables.datacontent", "pk": 37, "fields": {"text_data": "", "bool_data": null, "image_data": "", "float_data": null, "email_data": null, "url_data": null, "decimal_data": null, "int_data": null, "date_data": null, "dollar_data": "1000000.00"}}, {"model": "data_tables.datacontent", "pk": 38, "fields": {"text_data": "", "bool_data": null, "image_data": "", "float_data": null, "email_data": null, "url_data": null, "decimal_data": null, "int_data": null, "date_data": null, "dollar_data": "120000.00"}}, {"model": "data_tables.datacontent", "pk": 39, "fields": {"text_data": "", "bool_data": null, "image_data": "", "float_data": null, "email_data": null, "url_data": null, "decimal_data": null, "int_data": null, "date_data": null, "dollar_data": "650000.00"}}, {"model": "data_tables.datacontent", "pk": 40, "fields": {"text_data": "", "bool_data": null, "image_data": "", "float_data": null, "email_data": null, "url_data": null, "decimal_data": null, "int_data": null, "date_data": null, "dollar_data": "750000.00"}}, {"model": "data_tables.datacontent", "pk": 41, "fields": {"text_data": "", "bool_data": null, "image_data": "", "float_data": null, "email_data": null, "url_data": null, "decimal_data": null, "int_data": null, "date_data": null, "dollar_data": "9000000.00"}}, {"model": "data_tables.datacontent", "pk": 42, "fields": {"text_data": "pop rogers", "bool_data": null, "image_data": "", "float_data": null, "email_data": null, "url_data": null, "decimal_data": null, "int_data": null, "date_data": null, "dollar_data": null}}, {"model": "data_tables.datacontent", "pk": 43, "fields": {"text_data": "ray stinger", "bool_data": null, "image_data": "", "float_data": null, "email_data": null, "url_data": null, "decimal_data": null, "int_data": null, "date_data": null, "dollar_data": null}}, {"model": "data_tables.datacontent", "pk": 44, "fields": {"text_data": "DCO Ops", "bool_data": null, "image_data": "", "float_data": null, "email_data": null, "url_data": null, "decimal_data": null, "int_data": null, "date_data": null, "dollar_data": null}}, {"model": "data_tables.datacontent", "pk": 45, "fields": {"text_data": "Matchbox", "bool_data": null, "image_data": "", "float_data": null, "email_data": null, "url_data": null, "decimal_data": null, "int_data": null, "date_data": null, "dollar_data": null}}, {"model": "data_tables.datacontent", "pk": 46, "fields": {"text_data": "Blackbox", "bool_data": null, "image_data": "", "float_data": null, "email_data": null, "url_data": null, "decimal_data": null, "int_data": null, "date_data": null, "dollar_data": null}}, {"model": "data_tables.datacontent", "pk": 47, "fields": {"text_data": "Talon Needs", "bool_data": null, "image_data": "", "float_data": null, "email_data": null, "url_data": null, "decimal_data": null, "int_data": null, "date_data": null, "dollar_data": null}}, {"model": "data_tables.datacontent", "pk": 48, "fields": {"text_data": "Osprey Ops", "bool_data": null, "image_data": "", "float_data": null, "email_data": null, "url_data": null, "decimal_data": null, "int_data": null, "date_data": null, "dollar_data": null}}, {"model": "data_tables.datacontent", "pk": 49, "fields": {"text_data": "Twin Lightning", "bool_data": null, "image_data": "", "float_data": null, "email_data": null, "url_data": null, "decimal_data": null, "int_data": null, "date_data": null, "dollar_data": null}}, {"model": "data_tables.datacontent", "pk": 50, "fields": {"text_data": "Distinct diplomat visit", "bool_data": null, "image_data": "", "float_data": null, "email_data": null, "url_data": null, "decimal_data": null, "int_data": null, "date_data": null, "dollar_data": null}}, {"model": "data_tables.datacontent", "pk": 51, "fields": {"text_data": "stinger the singer", "bool_data": null, "image_data": "", "float_data": null, "email_data": null, "url_data": null, "decimal_data": null, "int_data": null, "date_data": null, "dollar_data": null}}, {"model": "data_tables.datacontent", "pk": 52, "fields": {"text_data": "Cyber operational needs", "bool_data": null, "image_data": "", "float_data": null, "email_data": null, "url_data": null, "decimal_data": null, "int_data": null, "date_data": null, "dollar_data": null}}, {"model": "data_tables.datacontent", "pk": 53, "fields": {"text_data": "Morale concert needs", "bool_data": null, "image_data": "", "float_data": null, "email_data": null, "url_data": null, "decimal_data": null, "int_data": null, "date_data": null, "dollar_data": null}}, {"model": "data_tables.datacontent", "pk": 54, "fields": {"text_data": "Platform modifications", "bool_data": null, "image_data": "", "float_data": null, "email_data": null, "url_data": null, "decimal_data": null, "int_data": null, "date_data": null, "dollar_data": null}}, {"model": "data_tables.datacontent", "pk": 55, "fields": {"text_data": "Specs modification", "bool_data": null, "image_data": "", "float_data": null, "email_data": null, "url_data": null, "decimal_data": null, "int_data": null, "date_data": null, "dollar_data": null}}, {"model": "data_tables.datacontent", "pk": 56, "fields": {"text_data": "Maintenance financial requirements", "bool_data": null, "image_data": "", "float_data": null, "email_data": null, "url_data": null, "decimal_data": null, "int_data": null, "date_data": null, "dollar_data": null}}, {"model": "data_tables.datacontent", "pk": 57, "fields": {"text_data": "Hardware/Software upgrades", "bool_data": null, "image_data": "", "float_data": null, "email_data": null, "url_data": null, "decimal_data": null, "int_data": null, "date_data": null, "dollar_data": null}}, {"model": "data_tables.datacontent", "pk": 58, "fields": {"text_data": "USMC", "bool_data": null, "image_data": "", "float_data": null, "email_data": null, "url_data": null, "decimal_data": null, "int_data": null, "date_data": null, "dollar_data": null}}, {"model": "data_tables.datacontent", "pk": 59, "fields": {"text_data": "USAF", "bool_data": null, "image_data": "", "float_data": null, "email_data": null, "url_data": null, "decimal_data": null, "int_data": null, "date_data": null, "dollar_data": null}}, {"model": "data_tables.datacontent", "pk": 60, "fields": {"text_data": "USCG", "bool_data": null, "image_data": "", "float_data": null, "email_data": null, "url_data": null, "decimal_data": null, "int_data": null, "date_data": null, "dollar_data": null}}, {"model": "data_tables.datacontent", "pk": 61, "fields": {"text_data": "Research Commission", "bool_data": null, "image_data": "", "float_data": null, "email_data": null, "url_data": null, "decimal_data": null, "int_data": null, "date_data": null, "dollar_data": null}}, {"model": "data_tables.datacontent", "pk": 62, "fields": {"text_data": "DISA", "bool_data": null, "image_data": "", "float_data": null, "email_data": null, "url_data": null, "decimal_data": null, "int_data": null, "date_data": null, "dollar_data": null}}, {"model": "data_tables.datacontent", "pk": 63, "fields": {"text_data": "13 INF BDE", "bool_data": null, "image_data": "", "float_data": null, "email_data": null, "url_data": null, "decimal_data": null, "int_data": null, "date_data": null, "dollar_data": null}}, {"model": "data_tables.datacontent", "pk": 64, "fields": {"text_data": "46 COS", "bool_data": null, "image_data": "", "float_data": null, "email_data": null, "url_data": null, "decimal_data": null, "int_data": null, "date_data": null, "dollar_data": null}}, {"model": "data_tables.datacontent", "pk": 65, "fields": {"text_data": "40 Guard BN", "bool_data": null, "image_data": "", "float_data": null, "email_data": null, "url_data": null, "decimal_data": null, "int_data": null, "date_data": null, "dollar_data": null}}, {"model": "data_tables.datacontent", "pk": 66, "fields": {"text_data": "Research Center", "bool_data": null, "image_data": "", "float_data": null, "email_data": null, "url_data": null, "decimal_data": null, "int_data": null, "date_data": null, "dollar_data": null}}, {"model": "data_tables.datacontent", "pk": 67, "fields": {"text_data": "Info Sec Office", "bool_data": null, "image_data": "", "float_data": null, "email_data": null, "url_data": null, "decimal_data": null, "int_data": null, "date_data": null, "dollar_data": null}}, {"model": "data_tables.datacontent", "pk": 68, "fields": {"text_data": "47 USAF Org", "bool_data": null, "image_data": "", "float_data": null, "email_data": null, "url_data": null, "decimal_data": null, "int_data": null, "date_data": null, "dollar_data": null}}, {"model": "data_tables.datacontent", "pk": 69, "fields": {"text_data": "5 USAF Org", "bool_data": null, "image_data": "", "float_data": null, "email_data": null, "url_data": null, "decimal_data": null, "int_data": null, "date_data": null, "dollar_data": null}}, {"model": "data_tables.datacontent", "pk": 70, "fields": {"text_data": "XYZ", "bool_data": null, "image_data": "", "float_data": null, "email_data": null, "url_data": null, "decimal_data": null, "int_data": null, "date_data": null, "dollar_data": null}}, {"model": "data_tables.datacontent", "pk": 71, "fields": {"text_data": "ZXY", "bool_data": null, "image_data": "", "float_data": null, "email_data": null, "url_data": null, "decimal_data": null, "int_data": null, "date_data": null, "dollar_data": null}}, {"model": "data_tables.datacontent", "pk": 72, "fields": {"text_data": "GHT", "bool_data": null, "image_data": "", "float_data": null, "email_data": null, "url_data": null, "decimal_data": null, "int_data": null, "date_data": null, "dollar_data": null}}, {"model": "data_tables.datacontent", "pk": 73, "fields": {"text_data": "Required visitation needs", "bool_data": null, "image_data": "", "float_data": null, "email_data": null, "url_data": null, "decimal_data": null, "int_data": null, "date_data": null, "dollar_data": null}}, {"model": "data_tables.datacontent", "pk": 74, "fields": {"text_data": "Operation requirements", "bool_data": null, "image_data": "", "float_data": null, "email_data": null, "url_data": null, "decimal_data": null, "int_data": null, "date_data": null, "dollar_data": null}}, {"model": "data_tables.datacontent", "pk": 75, "fields": {"text_data": "Troop morale requirements", "bool_data": null, "image_data": "", "float_data": null, "email_data": null, "url_data": null, "decimal_data": null, "int_data": null, "date_data": null, "dollar_data": null}}, {"model": "data_tables.datacontent", "pk": 76, "fields": {"text_data": "multi year project in year 2", "bool_data": null, "image_data": "", "float_data": null, "email_data": null, "url_data": null, "decimal_data": null, "int_data": null, "date_data": null, "dollar_data": null}}, {"model": "data_tables.datacontent", "pk": 77, "fields": {"text_data": "multi year project in year 3", "bool_data": null, "image_data": "", "float_data": null, "email_data": null, "url_data": null, "decimal_data": null, "int_data": null, "date_data": null, "dollar_data": null}}, {"model": "data_tables.datacontent", "pk": 78, "fields": {"text_data": "Project financial statement", "bool_data": null, "image_data": "", "float_data": null, "email_data": null, "url_data": null, "decimal_data": null, "int_data": null, "date_data": null, "dollar_data": null}}, {"model": "data_tables.datacontent", "pk": 79, "fields": {"text_data": "Unique financial statement", "bool_data": null, "image_data": "", "float_data": null, "email_data": null, "url_data": null, "decimal_data": null, "int_data": null, "date_data": null, "dollar_data": null}}, {"model": "data_tables.datacontent", "pk": 80, "fields": {"text_data": "step 1", "bool_data": null, "image_data": "", "float_data": null, "email_data": null, "url_data": null, "decimal_data": null, "int_data": null, "date_data": null, "dollar_data": null}}, {"model": "data_tables.datacontent", "pk": 81, "fields": {"text_data": "2nd step", "bool_data": null, "image_data": "", "float_data": null, "email_data": null, "url_data": null, "decimal_data": null, "int_data": null, "date_data": null, "dollar_data": null}}, {"model": "data_tables.datacontent", "pk": 82, "fields": {"text_data": "Top project of many", "bool_data": null, "image_data": "", "float_data": null, "email_data": null, "url_data": null, "decimal_data": null, "int_data": null, "date_data": null, "dollar_data": null}}, {"model": "data_tables.datacontent", "pk": 83, "fields": {"text_data": "Project of projects", "bool_data": null, "image_data": "", "float_data": null, "email_data": null, "url_data": null, "decimal_data": null, "int_data": null, "date_data": null, "dollar_data": null}}, {"model": "data_tables.datacontent", "pk": 84, "fields": {"text_data": "Updated budget requirements", "bool_data": null, "image_data": "", "float_data": null, "email_data": null, "url_data": null, "decimal_data": null, "int_data": null, "date_data": null, "dollar_data": null}}, {"model": "data_tables.datacontent", "pk": 85, "fields": {"text_data": "999990", "bool_data": null, "image_data": "", "float_data": null, "email_data": null, "url_data": null, "decimal_data": null, "int_data": null, "date_data": null, "dollar_data": null}}, {"model": "data_tables.datacontent", "pk": 86, "fields": {"text_data": "2-Jan-22", "bool_data": null, "image_data": "", "float_data": null, "email_data": null, "url_data": null, "decimal_data": null, "int_data": null, "date_data": null, "dollar_data": null}}, {"model": "data_tables.datacontent", "pk": 87, "fields": {"text_data": "USA", "bool_data": null, "image_data": "", "float_data": null, "email_data": null, "url_data": null, "decimal_data": null, "int_data": null, "date_data": null, "dollar_data": null}}, {"model": "data_tables.datacontent", "pk": 88, "fields": {"text_data": "2022", "bool_data": null, "image_data": "", "float_data": null, "email_data": null, "url_data": null, "decimal_data": null, "int_data": null, "date_data": null, "dollar_data": null}}, {"model": "data_tables.datacontent", "pk": 89, "fields": {"text_data": "Farm", "bool_data": null, "image_data": "", "float_data": null, "email_data": null, "url_data": null, "decimal_data": null, "int_data": null, "date_data": null, "dollar_data": null}}, {"model": "data_tables.datacontent", "pk": 90, "fields": {"text_data": "Raising animals to eat", "bool_data": null, "image_data": "", "float_data": null, "email_data": null, "url_data": null, "decimal_data": null, "int_data": null, "date_data": null, "dollar_data": null}}, {"model": "data_tables.datacontent", "pk": 91, "fields": {"text_data": "A2345", "bool_data": null, "image_data": "", "float_data": null, "email_data": null, "url_data": null, "decimal_data": null, "int_data": null, "date_data": null, "dollar_data": null}}, {"model": "data_tables.datacontent", "pk": 92, "fields": {"text_data": "Acquisition", "bool_data": null, "image_data": "", "float_data": null, "email_data": null, "url_data": null, "decimal_data": null, "int_data": null, "date_data": null, "dollar_data": null}}, {"model": "data_tables.datacontent", "pk": 93, "fields": {"text_data": "$1,234", "bool_data": null, "image_data": "", "float_data": null, "email_data": null, "url_data": null, "decimal_data": null, "int_data": null, "date_data": null, "dollar_data": null}}, {"model": "data_tables.datacontent", "pk": 94, "fields": {"text_data": "We are hungry", "bool_data": null, "image_data": "", "float_data": null, "email_data": null, "url_data": null, "decimal_data": null, "int_data": null, "date_data": null, "dollar_data": null}}, {"model": "data_tables.datacontent", "pk": 95, "fields": {"text_data": "Farm 2022 is a $1234 multi year project in year 2", "bool_data": null, "image_data": "", "float_data": null, "email_data": null, "url_data": null, "decimal_data": null, "int_data": null, "date_data": null, "dollar_data": null}}, {"model": "data_tables.datacontent", "pk": 96, "fields": {"text_data": "Step 1", "bool_data": null, "image_data": "", "float_data": null, "email_data": null, "url_data": null, "decimal_data": null, "int_data": null, "date_data": null, "dollar_data": null}}, {"model": "data_tables.datacontent", "pk": 97, "fields": {"text_data": "Farms is the top project of many.", "bool_data": null, "image_data": "", "float_data": null, "email_data": null, "url_data": null, "decimal_data": null, "int_data": null, "date_data": null, "dollar_data": null}}, {"model": "data_tables.datacontent", "pk": 98, "fields": {"text_data": "Jan 2022 kick off meeting. | Jun 2022 demo provide 2nd allotment for the year", "bool_data": null, "image_data": "", "float_data": null, "email_data": null, "url_data": null, "decimal_data": null, "int_data": null, "date_data": null, "dollar_data": null}}, {"model": "data_tables.datacontent", "pk": 99, "fields": {"text_data": "999991", "bool_data": null, "image_data": "", "float_data": null, "email_data": null, "url_data": null, "decimal_data": null, "int_data": null, "date_data": null, "dollar_data": null}}, {"model": "data_tables.datacontent", "pk": 100, "fields": {"text_data": "1-Jan-23", "bool_data": null, "image_data": "", "float_data": null, "email_data": null, "url_data": null, "decimal_data": null, "int_data": null, "date_data": null, "dollar_data": null}}, {"model": "data_tables.datacontent", "pk": 101, "fields": {"text_data": "2023", "bool_data": null, "image_data": "", "float_data": null, "email_data": null, "url_data": null, "decimal_data": null, "int_data": null, "date_data": null, "dollar_data": null}}, {"model": "data_tables.datacontent", "pk": 102, "fields": {"text_data": "Zoo", "bool_data": null, "image_data": "", "float_data": null, "email_data": null, "url_data": null, "decimal_data": null, "int_data": null, "date_data": null, "dollar_data": null}}, {"model": "data_tables.datacontent", "pk": 103, "fields": {"text_data": "Animal Friends to visit", "bool_data": null, "image_data": "", "float_data": null, "email_data": null, "url_data": null, "decimal_data": null, "int_data": null, "date_data": null, "dollar_data": null}}, {"model": "data_tables.datacontent", "pk": 104, "fields": {"text_data": "B345", "bool_data": null, "image_data": "", "float_data": null, "email_data": null, "url_data": null, "decimal_data": null, "int_data": null, "date_data": null, "dollar_data": null}}, {"model": "data_tables.datacontent", "pk": 105, "fields": {"text_data": "HR", "bool_data": null, "image_data": "", "float_data": null, "email_data": null, "url_data": null, "decimal_data": null, "int_data": null, "date_data": null, "dollar_data": null}}, {"model": "data_tables.datacontent", "pk": 106, "fields": {"text_data": "$4,567", "bool_data": null, "image_data": "", "float_data": null, "email_data": null, "url_data": null, "decimal_data": null, "int_data": null, "date_data": null, "dollar_data": null}}, {"model": "data_tables.datacontent", "pk": 107, "fields": {"text_data": "ABC", "bool_data": null, "image_data": "", "float_data": null, "email_data": null, "url_data": null, "decimal_data": null, "int_data": null, "date_data": null, "dollar_data": null}}, {"model": "data_tables.datacontent", "pk": 108, "fields": {"text_data": "Be kind to animals", "bool_data": null, "image_data": "", "float_data": null, "email_data": null, "url_data": null, "decimal_data": null, "int_data": null, "date_data": null, "dollar_data": null}}, {"model": "data_tables.datacontent", "pk": 109, "fields": {"text_data": "Zoo 2023 is a $4567 multi year project in year 1.", "bool_data": null, "image_data": "", "float_data": null, "email_data": null, "url_data": null, "decimal_data": null, "int_data": null, "date_data": null, "dollar_data": null}}, {"model": "data_tables.datacontent", "pk": 110, "fields": {"text_data": "Step 5", "bool_data": null, "image_data": "", "float_data": null, "email_data": null, "url_data": null, "decimal_data": null, "int_data": null, "date_data": null, "dollar_data": null}}, {"model": "data_tables.datacontent", "pk": 111, "fields": {"text_data": "Zoo is the main project with subprojects.", "bool_data": null, "image_data": "", "float_data": null, "email_data": null, "url_data": null, "decimal_data": null, "int_data": null, "date_data": null, "dollar_data": null}}, {"model": "data_tables.datacontent", "pk": 112, "fields": {"text_data": "Feb 2023 kickoff meeting", "bool_data": null, "image_data": "", "float_data": null, "email_data": null, "url_data": null, "decimal_data": null, "int_data": null, "date_data": null, "dollar_data": null}}, {"model": "data_tables.datacontent", "pk": 113, "fields": {"text_data": "999992", "bool_data": null, "image_data": "", "float_data": null, "email_data": null, "url_data": null, "decimal_data": null, "int_data": null, "date_data": null, "dollar_data": null}}, {"model": "data_tables.datacontent", "pk": 114, "fields": {"text_data": "3-Jan-22", "bool_data": null, "image_data": "", "float_data": null, "email_data": null, "url_data": null, "decimal_data": null, "int_data": null, "date_data": null, "dollar_data": null}}, {"model": "data_tables.datacontent", "pk": 115, "fields": {"text_data": "cow", "bool_data": null, "image_data": "", "float_data": null, "email_data": null, "url_data": null, "decimal_data": null, "int_data": null, "date_data": null, "dollar_data": null}}, {"model": "data_tables.datacontent", "pk": 116, "fields": {"text_data": "Steaks and burgers", "bool_data": null, "image_data": "", "float_data": null, "email_data": null, "url_data": null, "decimal_data": null, "int_data": null, "date_data": null, "dollar_data": null}}, {"model": "data_tables.datacontent", "pk": 117, "fields": {"text_data": "A345", "bool_data": null, "image_data": "", "float_data": null, "email_data": null, "url_data": null, "decimal_data": null, "int_data": null, "date_data": null, "dollar_data": null}}, {"model": "data_tables.datacontent", "pk": 118, "fields": {"text_data": "Buyers", "bool_data": null, "image_data": "", "float_data": null, "email_data": null, "url_data": null, "decimal_data": null, "int_data": null, "date_data": null, "dollar_data": null}}, {"model": "data_tables.datacontent", "pk": 119, "fields": {"text_data": "$5,678", "bool_data": null, "image_data": "", "float_data": null, "email_data": null, "url_data": null, "decimal_data": null, "int_data": null, "date_data": null, "dollar_data": null}}, {"model": "data_tables.datacontent", "pk": 120, "fields": {"text_data": "We love steak", "bool_data": null, "image_data": "", "float_data": null, "email_data": null, "url_data": null, "decimal_data": null, "int_data": null, "date_data": null, "dollar_data": null}}, {"model": "data_tables.datacontent", "pk": 121, "fields": {"text_data": "Cow 2022 is a $5678 multi year project under Farm in year 2 of 2.", "bool_data": null, "image_data": "", "float_data": null, "email_data": null, "url_data": null, "decimal_data": null, "int_data": null, "date_data": null, "dollar_data": null}}, {"model": "data_tables.datacontent", "pk": 122, "fields": {"text_data": "STEP 2", "bool_data": null, "image_data": "", "float_data": null, "email_data": null, "url_data": null, "decimal_data": null, "int_data": null, "date_data": null, "dollar_data": null}}, {"model": "data_tables.datacontent", "pk": 123, "fields": {"text_data": "Cow is a subproject of Farm", "bool_data": null, "image_data": "", "float_data": null, "email_data": null, "url_data": null, "decimal_data": null, "int_data": null, "date_data": null, "dollar_data": null}}, {"model": "data_tables.datacontent", "pk": 124, "fields": {"text_data": "March 2022 define requirements", "bool_data": null, "image_data": "", "float_data": null, "email_data": null, "url_data": null, "decimal_data": null, "int_data": null, "date_data": null, "dollar_data": null}}, {"model": "data_tables.datacontent", "pk": 125, "fields": {"text_data": "999993", "bool_data": null, "image_data": "", "float_data": null, "email_data": null, "url_data": null, "decimal_data": null, "int_data": null, "date_data": null, "dollar_data": null}}, {"model": "data_tables.datacontent", "pk": 126, "fields": {"text_data": "2-Feb-23", "bool_data": null, "image_data": "", "float_data": null, "email_data": null, "url_data": null, "decimal_data": null, "int_data": null, "date_data": null, "dollar_data": null}}, {"model": "data_tables.datacontent", "pk": 127, "fields": {"text_data": "hippopotamus", "bool_data": null, "image_data": "", "float_data": null, "email_data": null, "url_data": null, "decimal_data": null, "int_data": null, "date_data": null, "dollar_data": null}}, {"model": "data_tables.datacontent", "pk": 128, "fields": {"text_data": "Peaches the Hippo", "bool_data": null, "image_data": "", "float_data": null, "email_data": null, "url_data": null, "decimal_data": null, "int_data": null, "date_data": null, "dollar_data": null}}, {"model": "data_tables.datacontent", "pk": 129, "fields": {"text_data": "B3451", "bool_data": null, "image_data": "", "float_data": null, "email_data": null, "url_data": null, "decimal_data": null, "int_data": null, "date_data": null, "dollar_data": null}}, {"model": "data_tables.datacontent", "pk": 130, "fields": {"text_data": "Benefits", "bool_data": null, "image_data": "", "float_data": null, "email_data": null, "url_data": null, "decimal_data": null, "int_data": null, "date_data": null, "dollar_data": null}}, {"model": "data_tables.datacontent", "pk": 131, "fields": {"text_data": "$7,890", "bool_data": null, "image_data": "", "float_data": null, "email_data": null, "url_data": null, "decimal_data": null, "int_data": null, "date_data": null, "dollar_data": null}}, {"model": "data_tables.datacontent", "pk": 132, "fields": {"text_data": "Hippopotamus 2023 is a $4890 multi year project in year 1.", "bool_data": null, "image_data": "", "float_data": null, "email_data": null, "url_data": null, "decimal_data": null, "int_data": null, "date_data": null, "dollar_data": null}}, {"model": "data_tables.datacontent", "pk": 133, "fields": {"text_data": "Step 3", "bool_data": null, "image_data": "", "float_data": null, "email_data": null, "url_data": null, "decimal_data": null, "int_data": null, "date_data": null, "dollar_data": null}}, {"model": "data_tables.datacontent", "pk": 134, "fields": {"text_data": "Hippopotamus is a subproject of zoo.", "bool_data": null, "image_data": "", "float_data": null, "email_data": null, "url_data": null, "decimal_data": null, "int_data": null, "date_data": null, "dollar_data": null}}, {"model": "data_tables.datacontent", "pk": 135, "fields": {"text_data": "999994", "bool_data": null, "image_data": "", "float_data": null, "email_data": null, "url_data": null, "decimal_data": null, "int_data": null, "date_data": null, "dollar_data": null}}, {"model": "data_tables.datacontent", "pk": 136, "fields": {"text_data": "1-Mar-23", "bool_data": null, "image_data": "", "float_data": null, "email_data": null, "url_data": null, "decimal_data": null, "int_data": null, "date_data": null, "dollar_data": null}}, {"model": "data_tables.datacontent", "pk": 137, "fields": {"text_data": "giraffe", "bool_data": null, "image_data": "", "float_data": null, "email_data": null, "url_data": null, "decimal_data": null, "int_data": null, "date_data": null, "dollar_data": null}}, {"model": "data_tables.datacontent", "pk": 138, "fields": {"text_data": "Very tall animals", "bool_data": null, "image_data": "", "float_data": null, "email_data": null, "url_data": null, "decimal_data": null, "int_data": null, "date_data": null, "dollar_data": null}}, {"model": "data_tables.datacontent", "pk": 139, "fields": {"text_data": "B346", "bool_data": null, "image_data": "", "float_data": null, "email_data": null, "url_data": null, "decimal_data": null, "int_data": null, "date_data": null, "dollar_data": null}}, {"model": "data_tables.datacontent", "pk": 140, "fields": {"text_data": "Retirement", "bool_data": null, "image_data": "", "float_data": null, "email_data": null, "url_data": null, "decimal_data": null, "int_data": null, "date_data": null, "dollar_data": null}}, {"model": "data_tables.datacontent", "pk": 141, "fields": {"text_data": "$5,432", "bool_data": null, "image_data": "", "float_data": null, "email_data": null, "url_data": null, "decimal_data": null, "int_data": null, "date_data": null, "dollar_data": null}}, {"model": "data_tables.datacontent", "pk": 142, "fields": {"text_data": "Be kind to tall animals", "bool_data": null, "image_data": "", "float_data": null, "email_data": null, "url_data": null, "decimal_data": null, "int_data": null, "date_data": null, "dollar_data": null}}, {"model": "data_tables.datacontent", "pk": 143, "fields": {"text_data": "Giraffe 2023 is a $4432 multi year project under zoo in year 1.", "bool_data": null, "image_data": "", "float_data": null, "email_data": null, "url_data": null, "decimal_data": null, "int_data": null, "date_data": null, "dollar_data": null}}, {"model": "data_tables.datacontent", "pk": 144, "fields": {"text_data": "Step 2", "bool_data": null, "image_data": "", "float_data": null, "email_data": null, "url_data": null, "decimal_data": null, "int_data": null, "date_data": null, "dollar_data": null}}, {"model": "data_tables.datacontent", "pk": 145, "fields": {"text_data": "US-3456", "bool_data": null, "image_data": "", "float_data": null, "email_data": null, "url_data": null, "decimal_data": null, "int_data": null, "date_data": null, "dollar_data": null}}, {"model": "data_tables.datacontent", "pk": 146, "fields": {"text_data": "Giraffe is a subproject", "bool_data": null, "image_data": "", "float_data": null, "email_data": null, "url_data": null, "decimal_data": null, "int_data": null, "date_data": null, "dollar_data": null}}, {"model": "data_tables.datacontent", "pk": 147, "fields": {"text_data": "March 1, 2023 kickoff meeting", "bool_data": null, "image_data": "", "float_data": null, "email_data": null, "url_data": null, "decimal_data": null, "int_data": null, "date_data": null, "dollar_data": null}}, {"model": "data_tables.datacontent", "pk": 148, "fields": {"text_data": "999995", "bool_data": null, "image_data": "", "float_data": null, "email_data": null, "url_data": null, "decimal_data": null, "int_data": null, "date_data": null, "dollar_data": null}}, {"model": "data_tables.datacontent", "pk": 149, "fields": {"text_data": "1-Jun-21", "bool_data": null, "image_data": "", "float_data": null, "email_data": null, "url_data": null, "decimal_data": null, "int_data": null, "date_data": null, "dollar_data": null}}, {"model": "data_tables.datacontent", "pk": 150, "fields": {"text_data": "GRB", "bool_data": null, "image_data": "", "float_data": null, "email_data": null, "url_data": null, "decimal_data": null, "int_data": null, "date_data": null, "dollar_data": null}}, {"model": "data_tables.datacontent", "pk": 151, "fields": {"text_data": "DNR", "bool_data": null, "image_data": "", "float_data": null, "email_data": null, "url_data": null, "decimal_data": null, "int_data": null, "date_data": null, "dollar_data": null}}, {"model": "data_tables.datacontent", "pk": 152, "fields": {"text_data": "2021", "bool_data": null, "image_data": "", "float_data": null, "email_data": null, "url_data": null, "decimal_data": null, "int_data": null, "date_data": null, "dollar_data": null}}, {"model": "data_tables.datacontent", "pk": 153, "fields": {"text_data": "Wildlife", "bool_data": null, "image_data": "", "float_data": null, "email_data": null, "url_data": null, "decimal_data": null, "int_data": null, "date_data": null, "dollar_data": null}}, {"model": "data_tables.datacontent", "pk": 154, "fields": {"text_data": "Wildlife needs to be protected", "bool_data": null, "image_data": "", "float_data": null, "email_data": null, "url_data": null, "decimal_data": null, "int_data": null, "date_data": null, "dollar_data": null}}, {"model": "data_tables.datacontent", "pk": 155, "fields": {"text_data": "M586", "bool_data": null, "image_data": "", "float_data": null, "email_data": null, "url_data": null, "decimal_data": null, "int_data": null, "date_data": null, "dollar_data": null}}, {"model": "data_tables.datacontent", "pk": 156, "fields": {"text_data": "Natural Resources", "bool_data": null, "image_data": "", "float_data": null, "email_data": null, "url_data": null, "decimal_data": null, "int_data": null, "date_data": null, "dollar_data": null}}, {"model": "data_tables.datacontent", "pk": 157, "fields": {"text_data": "$900,000", "bool_data": null, "image_data": "", "float_data": null, "email_data": null, "url_data": null, "decimal_data": null, "int_data": null, "date_data": null, "dollar_data": null}}, {"model": "data_tables.datacontent", "pk": 158, "fields": {"text_data": "Cover project for many wildlife studies", "bool_data": null, "image_data": "", "float_data": null, "email_data": null, "url_data": null, "decimal_data": null, "int_data": null, "date_data": null, "dollar_data": null}}, {"model": "data_tables.datacontent", "pk": 159, "fields": {"text_data": "Wildlife 2021 project is a $900000 project the comprises other project", "bool_data": null, "image_data": "", "float_data": null, "email_data": null, "url_data": null, "decimal_data": null, "int_data": null, "date_data": null, "dollar_data": null}}, {"model": "data_tables.datacontent", "pk": 160, "fields": {"text_data": "US-D-435", "bool_data": null, "image_data": "", "float_data": null, "email_data": null, "url_data": null, "decimal_data": null, "int_data": null, "date_data": null, "dollar_data": null}}, {"model": "data_tables.datacontent", "pk": 161, "fields": {"text_data": "Save the animals", "bool_data": null, "image_data": "", "float_data": null, "email_data": null, "url_data": null, "decimal_data": null, "int_data": null, "date_data": null, "dollar_data": null}}, {"model": "data_tables.datacontent", "pk": 162, "fields": {"text_data": "jan 3 2023 Demo", "bool_data": null, "image_data": "", "float_data": null, "email_data": null, "url_data": null, "decimal_data": null, "int_data": null, "date_data": null, "dollar_data": null}}, {"model": "data_tables.datacontent", "pk": 163, "fields": {"text_data": "999996", "bool_data": null, "image_data": "", "float_data": null, "email_data": null, "url_data": null, "decimal_data": null, "int_data": null, "date_data": null, "dollar_data": null}}, {"model": "data_tables.datacontent", "pk": 164, "fields": {"text_data": "1-Oct-21", "bool_data": null, "image_data": "", "float_data": null, "email_data": null, "url_data": null, "decimal_data": null, "int_data": null, "date_data": null, "dollar_data": null}}, {"model": "data_tables.datacontent", "pk": 165, "fields": {"text_data": "Foxes", "bool_data": null, "image_data": "", "float_data": null, "email_data": null, "url_data": null, "decimal_data": null, "int_data": null, "date_data": null, "dollar_data": null}}, {"model": "data_tables.datacontent", "pk": 166, "fields": {"text_data": "There are many fox species", "bool_data": null, "image_data": "", "float_data": null, "email_data": null, "url_data": null, "decimal_data": null, "int_data": null, "date_data": null, "dollar_data": null}}, {"model": "data_tables.datacontent", "pk": 167, "fields": {"text_data": "DNR99", "bool_data": null, "image_data": "", "float_data": null, "email_data": null, "url_data": null, "decimal_data": null, "int_data": null, "date_data": null, "dollar_data": null}}, {"model": "data_tables.datacontent", "pk": 168, "fields": {"text_data": "Research", "bool_data": null, "image_data": "", "float_data": null, "email_data": null, "url_data": null, "decimal_data": null, "int_data": null, "date_data": null, "dollar_data": null}}, {"model": "data_tables.datacontent", "pk": 169, "fields": {"text_data": "$40,000", "bool_data": null, "image_data": "", "float_data": null, "email_data": null, "url_data": null, "decimal_data": null, "int_data": null, "date_data": null, "dollar_data": null}}, {"model": "data_tables.datacontent", "pk": 170, "fields": {"text_data": "FOX", "bool_data": null, "image_data": "", "float_data": null, "email_data": null, "url_data": null, "decimal_data": null, "int_data": null, "date_data": null, "dollar_data": null}}, {"model": "data_tables.datacontent", "pk": 171, "fields": {"text_data": "Are Foxes a danger to pets?", "bool_data": null, "image_data": "", "float_data": null, "email_data": null, "url_data": null, "decimal_data": null, "int_data": null, "date_data": null, "dollar_data": null}}, {"model": "data_tables.datacontent", "pk": 172, "fields": {"text_data": "Fox project 2021 is a subproject of wildlife with research grant of $40000", "bool_data": null, "image_data": "", "float_data": null, "email_data": null, "url_data": null, "decimal_data": null, "int_data": null, "date_data": null, "dollar_data": null}}, {"model": "data_tables.datacontent", "pk": 173, "fields": {"text_data": "STEP 4", "bool_data": null, "image_data": "", "float_data": null, "email_data": null, "url_data": null, "decimal_data": null, "int_data": null, "date_data": null, "dollar_data": null}}, {"model": "data_tables.datacontent", "pk": 174, "fields": {"text_data": "Foxes are like little dogs, maybe they can be turned into pets.", "bool_data": null, "image_data": "", "float_data": null, "email_data": null, "url_data": null, "decimal_data": null, "int_data": null, "date_data": null, "dollar_data": null}}, {"model": "data_tables.datacontent", "pk": 175, "fields": {"text_data": "feb2,2023 review", "bool_data": null, "image_data": "", "float_data": null, "email_data": null, "url_data": null, "decimal_data": null, "int_data": null, "date_data": null, "dollar_data": null}}, {"model": "data_tables.datacontent", "pk": 176, "fields": {"text_data": "999997", "bool_data": null, "image_data": "", "float_data": null, "email_data": null, "url_data": null, "decimal_data": null, "int_data": null, "date_data": null, "dollar_data": null}}, {"model": "data_tables.datacontent", "pk": 177, "fields": {"text_data": "15-Jan-20", "bool_data": null, "image_data": "", "float_data": null, "email_data": null, "url_data": null, "decimal_data": null, "int_data": null, "date_data": null, "dollar_data": null}}, {"model": "data_tables.datacontent", "pk": 178, "fields": {"text_data": "2020", "bool_data": null, "image_data": "", "float_data": null, "email_data": null, "url_data": null, "decimal_data": null, "int_data": null, "date_data": null, "dollar_data": null}}, {"model": "data_tables.datacontent", "pk": 179, "fields": {"text_data": "Rabbits", "bool_data": null, "image_data": "", "float_data": null, "email_data": null, "url_data": null, "decimal_data": null, "int_data": null, "date_data": null, "dollar_data": null}}, {"model": "data_tables.datacontent", "pk": 180, "fields": {"text_data": "Rabbits are a good quick food source", "bool_data": null, "image_data": "", "float_data": null, "email_data": null, "url_data": null, "decimal_data": null, "int_data": null, "date_data": null, "dollar_data": null}}, {"model": "data_tables.datacontent", "pk": 181, "fields": {"text_data": "M332", "bool_data": null, "image_data": "", "float_data": null, "email_data": null, "url_data": null, "decimal_data": null, "int_data": null, "date_data": null, "dollar_data": null}}, {"model": "data_tables.datacontent", "pk": 182, "fields": {"text_data": "$20,000", "bool_data": null, "image_data": "", "float_data": null, "email_data": null, "url_data": null, "decimal_data": null, "int_data": null, "date_data": null, "dollar_data": null}}, {"model": "data_tables.datacontent", "pk": 183, "fields": {"text_data": "Can rabbit be a quick food source", "bool_data": null, "image_data": "", "float_data": null, "email_data": null, "url_data": null, "decimal_data": null, "int_data": null, "date_data": null, "dollar_data": null}}, {"model": "data_tables.datacontent", "pk": 184, "fields": {"text_data": "Rabbit 2020 a subproject of Wildlife is to a $20000 study", "bool_data": null, "image_data": "", "float_data": null, "email_data": null, "url_data": null, "decimal_data": null, "int_data": null, "date_data": null, "dollar_data": null}}, {"model": "data_tables.datacontent", "pk": 185, "fields": {"text_data": "Step 4", "bool_data": null, "image_data": "", "float_data": null, "email_data": null, "url_data": null, "decimal_data": null, "int_data": null, "date_data": null, "dollar_data": null}}, {"model": "data_tables.datacontent", "pk": 186, "fields": {"text_data": "US-789", "bool_data": null, "image_data": "", "float_data": null, "email_data": null, "url_data": null, "decimal_data": null, "int_data": null, "date_data": null, "dollar_data": null}}, {"model": "data_tables.datacontent", "pk": 187, "fields": {"text_data": "Rabbits grow quickly - Flemish Giants provide quick growing food source", "bool_data": null, "image_data": "", "float_data": null, "email_data": null, "url_data": null, "decimal_data": null, "int_data": null, "date_data": null, "dollar_data": null}}, {"model": "data_tables.datacontent", "pk": 188, "fields": {"text_data": "Dec 30,2022 extension", "bool_data": null, "image_data": "", "float_data": null, "email_data": null, "url_data": null, "decimal_data": null, "int_data": null, "date_data": null, "dollar_data": null}}, {"model": "data_tables.datacontent", "pk": 189, "fields": {"text_data": "999998", "bool_data": null, "image_data": "", "float_data": null, "email_data": null, "url_data": null, "decimal_data": null, "int_data": null, "date_data": null, "dollar_data": null}}, {"model": "data_tables.datacontent", "pk": 190, "fields": {"text_data": "5-May-22", "bool_data": null, "image_data": "", "float_data": null, "email_data": null, "url_data": null, "decimal_data": null, "int_data": null, "date_data": null, "dollar_data": null}}, {"model": "data_tables.datacontent", "pk": 191, "fields": {"text_data": "Bears", "bool_data": null, "image_data": "", "float_data": null, "email_data": null, "url_data": null, "decimal_data": null, "int_data": null, "date_data": null, "dollar_data": null}}, {"model": "data_tables.datacontent", "pk": 192, "fields": {"text_data": "Bears are not finding enough food with loss of habitat", "bool_data": null, "image_data": "", "float_data": null, "email_data": null, "url_data": null, "decimal_data": null, "int_data": null, "date_data": null, "dollar_data": null}}, {"model": "data_tables.datacontent", "pk": 193, "fields": {"text_data": "B34R", "bool_data": null, "image_data": "", "float_data": null, "email_data": null, "url_data": null, "decimal_data": null, "int_data": null, "date_data": null, "dollar_data": null}}, {"model": "data_tables.datacontent", "pk": 194, "fields": {"text_data": "$88,888", "bool_data": null, "image_data": "", "float_data": null, "email_data": null, "url_data": null, "decimal_data": null, "int_data": null, "date_data": null, "dollar_data": null}}, {"model": "data_tables.datacontent", "pk": 195, "fields": {"text_data": "Animals", "bool_data": null, "image_data": "", "float_data": null, "email_data": null, "url_data": null, "decimal_data": null, "int_data": null, "date_data": null, "dollar_data": null}}, {"model": "data_tables.datacontent", "pk": 196, "fields": {"text_data": "Would bears make good domestic pets? They are starving in the wild.", "bool_data": null, "image_data": "", "float_data": null, "email_data": null, "url_data": null, "decimal_data": null, "int_data": null, "date_data": null, "dollar_data": null}}, {"model": "data_tables.datacontent", "pk": 197, "fields": {"text_data": "Bears a $88888 a 2022 project to determine if bears would rather be domesticated vs starving in the wild.", "bool_data": null, "image_data": "", "float_data": null, "email_data": null, "url_data": null, "decimal_data": null, "int_data": null, "date_data": null, "dollar_data": null}}, {"model": "data_tables.datacontent", "pk": 198, "fields": {"text_data": "US07646", "bool_data": null, "image_data": "", "float_data": null, "email_data": null, "url_data": null, "decimal_data": null, "int_data": null, "date_data": null, "dollar_data": null}}, {"model": "data_tables.datacontent", "pk": 199, "fields": {"text_data": "Bears are just big old teddy bears", "bool_data": null, "image_data": "", "float_data": null, "email_data": null, "url_data": null, "decimal_data": null, "int_data": null, "date_data": null, "dollar_data": null}}, {"model": "data_tables.datacontent", "pk": 200, "fields": {"text_data": "Jan 2, 2023 review", "bool_data": null, "image_data": "", "float_data": null, "email_data": null, "url_data": null, "decimal_data": null, "int_data": null, "date_data": null, "dollar_data": null}}, {"model": "data_tables.datacontent", "pk": 201, "fields": {"text_data": "999999", "bool_data": null, "image_data": "", "float_data": null, "email_data": null, "url_data": null, "decimal_data": null, "int_data": null, "date_data": null, "dollar_data": null}}, {"model": "data_tables.datacontent", "pk": 202, "fields": {"text_data": "1-Jun-20", "bool_data": null, "image_data": "", "float_data": null, "email_data": null, "url_data": null, "decimal_data": null, "int_data": null, "date_data": null, "dollar_data": null}}, {"model": "data_tables.datacontent", "pk": 203, "fields": {"text_data": "Fish", "bool_data": null, "image_data": "", "float_data": null, "email_data": null, "url_data": null, "decimal_data": null, "int_data": null, "date_data": null, "dollar_data": null}}, {"model": "data_tables.datacontent", "pk": 204, "fields": {"text_data": "Fish can be a great protein source", "bool_data": null, "image_data": "", "float_data": null, "email_data": null, "url_data": null, "decimal_data": null, "int_data": null, "date_data": null, "dollar_data": null}}, {"model": "data_tables.datacontent", "pk": 205, "fields": {"text_data": "M678", "bool_data": null, "image_data": "", "float_data": null, "email_data": null, "url_data": null, "decimal_data": null, "int_data": null, "date_data": null, "dollar_data": null}}, {"model": "data_tables.datacontent", "pk": 206, "fields": {"text_data": "$200,000", "bool_data": null, "image_data": "", "float_data": null, "email_data": null, "url_data": null, "decimal_data": null, "int_data": null, "date_data": null, "dollar_data": null}}, {"model": "data_tables.datacontent", "pk": 207, "fields": {"text_data": "FISH", "bool_data": null, "image_data": "", "float_data": null, "email_data": null, "url_data": null, "decimal_data": null, "int_data": null, "date_data": null, "dollar_data": null}}, {"model": "data_tables.datacontent", "pk": 208, "fields": {"text_data": "Are our fish in lakes healthy?", "bool_data": null, "image_data": "", "float_data": null, "email_data": null, "url_data": null, "decimal_data": null, "int_data": null, "date_data": null, "dollar_data": null}}, {"model": "data_tables.datacontent", "pk": 209, "fields": {"text_data": "Fish the top project of $200000 over Trout and striped bass to determine if our lake fish are healthy for people to eat.", "bool_data": null, "image_data": "", "float_data": null, "email_data": null, "url_data": null, "decimal_data": null, "int_data": null, "date_data": null, "dollar_data": null}}, {"model": "data_tables.datacontent", "pk": 210, "fields": {"text_data": "US-F-101", "bool_data": null, "image_data": "", "float_data": null, "email_data": null, "url_data": null, "decimal_data": null, "int_data": null, "date_data": null, "dollar_data": null}}, {"model": "data_tables.datacontent", "pk": 211, "fields": {"text_data": "Do we really want to eat our fish friends.", "bool_data": null, "image_data": "", "float_data": null, "email_data": null, "url_data": null, "decimal_data": null, "int_data": null, "date_data": null, "dollar_data": null}}, {"model": "data_tables.datacontent", "pk": 212, "fields": {"text_data": "July 1, 2022 Project review", "bool_data": null, "image_data": "", "float_data": null, "email_data": null, "url_data": null, "decimal_data": null, "int_data": null, "date_data": null, "dollar_data": null}}, {"model": "data_tables.datacontent", "pk": 213, "fields": {"text_data": "1000000", "bool_data": null, "image_data": "", "float_data": null, "email_data": null, "url_data": null, "decimal_data": null, "int_data": null, "date_data": null, "dollar_data": null}}, {"model": "data_tables.datacontent", "pk": 214, "fields": {"text_data": "8-Jan-22", "bool_data": null, "image_data": "", "float_data": null, "email_data": null, "url_data": null, "decimal_data": null, "int_data": null, "date_data": null, "dollar_data": null}}, {"model": "data_tables.datacontent", "pk": 215, "fields": {"text_data": "CAN", "bool_data": null, "image_data": "", "float_data": null, "email_data": null, "url_data": null, "decimal_data": null, "int_data": null, "date_data": null, "dollar_data": null}}, {"model": "data_tables.datacontent", "pk": 216, "fields": {"text_data": "Trout", "bool_data": null, "image_data": "", "float_data": null, "email_data": null, "url_data": null, "decimal_data": null, "int_data": null, "date_data": null, "dollar_data": null}}, {"model": "data_tables.datacontent", "pk": 217, "fields": {"text_data": "Trout are delicious", "bool_data": null, "image_data": "", "float_data": null, "email_data": null, "url_data": null, "decimal_data": null, "int_data": null, "date_data": null, "dollar_data": null}}, {"model": "data_tables.datacontent", "pk": 218, "fields": {"text_data": "A-357", "bool_data": null, "image_data": "", "float_data": null, "email_data": null, "url_data": null, "decimal_data": null, "int_data": null, "date_data": null, "dollar_data": null}}, {"model": "data_tables.datacontent", "pk": 219, "fields": {"text_data": "$50,000", "bool_data": null, "image_data": "", "float_data": null, "email_data": null, "url_data": null, "decimal_data": null, "int_data": null, "date_data": null, "dollar_data": null}}, {"model": "data_tables.datacontent", "pk": 220, "fields": {"text_data": "Swim", "bool_data": null, "image_data": "", "float_data": null, "email_data": null, "url_data": null, "decimal_data": null, "int_data": null, "date_data": null, "dollar_data": null}}, {"model": "data_tables.datacontent", "pk": 221, "fields": {"text_data": "How are our border trout surviving?", "bool_data": null, "image_data": "", "float_data": null, "email_data": null, "url_data": null, "decimal_data": null, "int_data": null, "date_data": null, "dollar_data": null}}, {"model": "data_tables.datacontent", "pk": 222, "fields": {"text_data": "Trout a $50000 subproject of FISH is a multi year contract", "bool_data": null, "image_data": "", "float_data": null, "email_data": null, "url_data": null, "decimal_data": null, "int_data": null, "date_data": null, "dollar_data": null}}, {"model": "data_tables.datacontent", "pk": 223, "fields": {"text_data": "Step 2b", "bool_data": null, "image_data": "", "float_data": null, "email_data": null, "url_data": null, "decimal_data": null, "int_data": null, "date_data": null, "dollar_data": null}}, {"model": "data_tables.datacontent", "pk": 224, "fields": {"text_data": "US-C-90", "bool_data": null, "image_data": "", "float_data": null, "email_data": null, "url_data": null, "decimal_data": null, "int_data": null, "date_data": null, "dollar_data": null}}, {"model": "data_tables.datacontent", "pk": 225, "fields": {"text_data": "Are Canadian trout as tasty as USA trout?", "bool_data": null, "image_data": "", "float_data": null, "email_data": null, "url_data": null, "decimal_data": null, "int_data": null, "date_data": null, "dollar_data": null}}, {"model": "data_tables.datacontent", "pk": 226, "fields": {"text_data": "Jan 1, 2024 Project update", "bool_data": null, "image_data": "", "float_data": null, "email_data": null, "url_data": null, "decimal_data": null, "int_data": null, "date_data": null, "dollar_data": null}}, {"model": "data_tables.datacontent", "pk": 227, "fields": {"text_data": "1000001", "bool_data": null, "image_data": "", "float_data": null, "email_data": null, "url_data": null, "decimal_data": null, "int_data": null, "date_data": null, "dollar_data": null}}, {"model": "data_tables.datacontent", "pk": 228, "fields": {"text_data": "9-Jan-21", "bool_data": null, "image_data": "", "float_data": null, "email_data": null, "url_data": null, "decimal_data": null, "int_data": null, "date_data": null, "dollar_data": null}}, {"model": "data_tables.datacontent", "pk": 229, "fields": {"text_data": "StripedBass", "bool_data": null, "image_data": "", "float_data": null, "email_data": null, "url_data": null, "decimal_data": null, "int_data": null, "date_data": null, "dollar_data": null}}, {"model": "data_tables.datacontent", "pk": 230, "fields": {"text_data": "Are StripedBass and Rockfish the same?", "bool_data": null, "image_data": "", "float_data": null, "email_data": null, "url_data": null, "decimal_data": null, "int_data": null, "date_data": null, "dollar_data": null}}, {"model": "data_tables.datacontent", "pk": 231, "fields": {"text_data": "DNR85", "bool_data": null, "image_data": "", "float_data": null, "email_data": null, "url_data": null, "decimal_data": null, "int_data": null, "date_data": null, "dollar_data": null}}, {"model": "data_tables.datacontent", "pk": 232, "fields": {"text_data": "$75,000", "bool_data": null, "image_data": "", "float_data": null, "email_data": null, "url_data": null, "decimal_data": null, "int_data": null, "date_data": null, "dollar_data": null}}, {"model": "data_tables.datacontent", "pk": 233, "fields": {"text_data": "Similarities and differences between StripedBass and Rockfish", "bool_data": null, "image_data": "", "float_data": null, "email_data": null, "url_data": null, "decimal_data": null, "int_data": null, "date_data": null, "dollar_data": null}}, {"model": "data_tables.datacontent", "pk": 234, "fields": {"text_data": "Striped Bass Project is a 2 year $75000 project to check the quality of fish in out lakes for eating.", "bool_data": null, "image_data": "", "float_data": null, "email_data": null, "url_data": null, "decimal_data": null, "int_data": null, "date_data": null, "dollar_data": null}}, {"model": "data_tables.datacontent", "pk": 235, "fields": {"text_data": "US-ST-87", "bool_data": null, "image_data": "", "float_data": null, "email_data": null, "url_data": null, "decimal_data": null, "int_data": null, "date_data": null, "dollar_data": null}}, {"model": "data_tables.datacontent", "pk": 236, "fields": {"text_data": "Are Striped bass safe to eat in lakes", "bool_data": null, "image_data": "", "float_data": null, "email_data": null, "url_data": null, "decimal_data": null, "int_data": null, "date_data": null, "dollar_data": null}}, {"model": "data_tables.datacontent", "pk": 237, "fields": {"text_data": "Dec 2022, project update", "bool_data": null, "image_data": "", "float_data": null, "email_data": null, "url_data": null, "decimal_data": null, "int_data": null, "date_data": null, "dollar_data": null}}, {"model": "data_tables.datacontent", "pk": 238, "fields": {"text_data": "1000002", "bool_data": null, "image_data": "", "float_data": null, "email_data": null, "url_data": null, "decimal_data": null, "int_data": null, "date_data": null, "dollar_data": null}}, {"model": "data_tables.datacontent", "pk": 239, "fields": {"text_data": "8-Oct-20", "bool_data": null, "image_data": "", "float_data": null, "email_data": null, "url_data": null, "decimal_data": null, "int_data": null, "date_data": null, "dollar_data": null}}, {"model": "data_tables.datacontent", "pk": 240, "fields": {"text_data": "NZL", "bool_data": null, "image_data": "", "float_data": null, "email_data": null, "url_data": null, "decimal_data": null, "int_data": null, "date_data": null, "dollar_data": null}}, {"model": "data_tables.datacontent", "pk": 241, "fields": {"text_data": "Eel", "bool_data": null, "image_data": "", "float_data": null, "email_data": null, "url_data": null, "decimal_data": null, "int_data": null, "date_data": null, "dollar_data": null}}, {"model": "data_tables.datacontent", "pk": 242, "fields": {"text_data": "Water snakes", "bool_data": null, "image_data": "", "float_data": null, "email_data": null, "url_data": null, "decimal_data": null, "int_data": null, "date_data": null, "dollar_data": null}}, {"model": "data_tables.datacontent", "pk": 243, "fields": {"text_data": "DNR88", "bool_data": null, "image_data": "", "float_data": null, "email_data": null, "url_data": null, "decimal_data": null, "int_data": null, "date_data": null, "dollar_data": null}}, {"model": "data_tables.datacontent", "pk": 244, "fields": {"text_data": "$10,000", "bool_data": null, "image_data": "", "float_data": null, "email_data": null, "url_data": null, "decimal_data": null, "int_data": null, "date_data": null, "dollar_data": null}}, {"model": "data_tables.datacontent", "pk": 245, "fields": {"text_data": "More food to eat.", "bool_data": null, "image_data": "", "float_data": null, "email_data": null, "url_data": null, "decimal_data": null, "int_data": null, "date_data": null, "dollar_data": null}}, {"model": "data_tables.datacontent", "pk": 246, "fields": {"text_data": "$10000 Eel project to determine if they are delicious", "bool_data": null, "image_data": "", "float_data": null, "email_data": null, "url_data": null, "decimal_data": null, "int_data": null, "date_data": null, "dollar_data": null}}, {"model": "data_tables.datacontent", "pk": 247, "fields": {"text_data": "US-DNR85", "bool_data": null, "image_data": "", "float_data": null, "email_data": null, "url_data": null, "decimal_data": null, "int_data": null, "date_data": null, "dollar_data": null}}, {"model": "data_tables.datacontent", "pk": 248, "fields": {"text_data": "Eels are gross.", "bool_data": null, "image_data": "", "float_data": null, "email_data": null, "url_data": null, "decimal_data": null, "int_data": null, "date_data": null, "dollar_data": null}}, {"model": "data_tables.datacontent", "pk": 249, "fields": {"text_data": "Dec 30, 2022 final presentation", "bool_data": null, "image_data": "", "float_data": null, "email_data": null, "url_data": null, "decimal_data": null, "int_data": null, "date_data": null, "dollar_data": null}}, {"model": "data_tables.datacontent", "pk": 250, "fields": {"text_data": "1000004", "bool_data": null, "image_data": "", "float_data": null, "email_data": null, "url_data": null, "decimal_data": null, "int_data": null, "date_data": null, "dollar_data": null}}, {"model": "data_tables.datacontent", "pk": 251, "fields": {"text_data": "9-Jan-22", "bool_data": null, "image_data": "", "float_data": null, "email_data": null, "url_data": null, "decimal_data": null, "int_data": null, "date_data": null, "dollar_data": null}}, {"model": "data_tables.datacontent", "pk": 252, "fields": {"text_data": "Moose", "bool_data": null, "image_data": "", "float_data": null, "email_data": null, "url_data": null, "decimal_data": null, "int_data": null, "date_data": null, "dollar_data": null}}, {"model": "data_tables.datacontent", "pk": 253, "fields": {"text_data": "Bullwinkle was a moose", "bool_data": null, "image_data": "", "float_data": null, "email_data": null, "url_data": null, "decimal_data": null, "int_data": null, "date_data": null, "dollar_data": null}}, {"model": "data_tables.datacontent", "pk": 254, "fields": {"text_data": "R887", "bool_data": null, "image_data": "", "float_data": null, "email_data": null, "url_data": null, "decimal_data": null, "int_data": null, "date_data": null, "dollar_data": null}}, {"model": "data_tables.datacontent", "pk": 255, "fields": {"text_data": "FIN", "bool_data": null, "image_data": "", "float_data": null, "email_data": null, "url_data": null, "decimal_data": null, "int_data": null, "date_data": null, "dollar_data": null}}, {"model": "data_tables.datacontent", "pk": 256, "fields": {"text_data": "Are moose endangered?", "bool_data": null, "image_data": "", "float_data": null, "email_data": null, "url_data": null, "decimal_data": null, "int_data": null, "date_data": null, "dollar_data": null}}, {"model": "data_tables.datacontent", "pk": 257, "fields": {"text_data": "Moose a $50,000 project to count moose.", "bool_data": null, "image_data": "", "float_data": null, "email_data": null, "url_data": null, "decimal_data": null, "int_data": null, "date_data": null, "dollar_data": null}}, {"model": "data_tables.datacontent", "pk": 258, "fields": {"text_data": "The thought is there are plenty of moose", "bool_data": null, "image_data": "", "float_data": null, "email_data": null, "url_data": null, "decimal_data": null, "int_data": null, "date_data": null, "dollar_data": null}}, {"model": "data_tables.datacontent", "pk": 259, "fields": {"text_data": "Feb 1, 2022 kickoff", "bool_data": null, "image_data": "", "float_data": null, "email_data": null, "url_data": null, "decimal_data": null, "int_data": null, "date_data": null, "dollar_data": null}}, {"model": "data_tables.datacontent", "pk": 260, "fields": {"text_data": "1000005", "bool_data": null, "image_data": "", "float_data": null, "email_data": null, "url_data": null, "decimal_data": null, "int_data": null, "date_data": null, "dollar_data": null}}, {"model": "data_tables.datacontent", "pk": 261, "fields": {"text_data": "1-Jul-20", "bool_data": null, "image_data": "", "float_data": null, "email_data": null, "url_data": null, "decimal_data": null, "int_data": null, "date_data": null, "dollar_data": null}}, {"model": "data_tables.datacontent", "pk": 262, "fields": {"text_data": "AUS", "bool_data": null, "image_data": "", "float_data": null, "email_data": null, "url_data": null, "decimal_data": null, "int_data": null, "date_data": null, "dollar_data": null}}, {"model": "data_tables.datacontent", "pk": 263, "fields": {"text_data": "Shark", "bool_data": null, "image_data": "", "float_data": null, "email_data": null, "url_data": null, "decimal_data": null, "int_data": null, "date_data": null, "dollar_data": null}}, {"model": "data_tables.datacontent", "pk": 264, "fields": {"text_data": "Sharks are scary", "bool_data": null, "image_data": "", "float_data": null, "email_data": null, "url_data": null, "decimal_data": null, "int_data": null, "date_data": null, "dollar_data": null}}, {"model": "data_tables.datacontent", "pk": 265, "fields": {"text_data": "R722", "bool_data": null, "image_data": "", "float_data": null, "email_data": null, "url_data": null, "decimal_data": null, "int_data": null, "date_data": null, "dollar_data": null}}, {"model": "data_tables.datacontent", "pk": 266, "fields": {"text_data": "$222,200", "bool_data": null, "image_data": "", "float_data": null, "email_data": null, "url_data": null, "decimal_data": null, "int_data": null, "date_data": null, "dollar_data": null}}, {"model": "data_tables.datacontent", "pk": 267, "fields": {"text_data": "NML", "bool_data": null, "image_data": "", "float_data": null, "email_data": null, "url_data": null, "decimal_data": null, "int_data": null, "date_data": null, "dollar_data": null}}, {"model": "data_tables.datacontent", "pk": 268, "fields": {"text_data": "We cannot eat sharks unless it is safe.", "bool_data": null, "image_data": "", "float_data": null, "email_data": null, "url_data": null, "decimal_data": null, "int_data": null, "date_data": null, "dollar_data": null}}, {"model": "data_tables.datacontent", "pk": 269, "fields": {"text_data": "Shark project - 2020 Are forever chemicals in Sharks - $222200 multi year project.", "bool_data": null, "image_data": "", "float_data": null, "email_data": null, "url_data": null, "decimal_data": null, "int_data": null, "date_data": null, "dollar_data": null}}, {"model": "data_tables.datacontent", "pk": 270, "fields": {"text_data": "Final Step", "bool_data": null, "image_data": "", "float_data": null, "email_data": null, "url_data": null, "decimal_data": null, "int_data": null, "date_data": null, "dollar_data": null}}, {"model": "data_tables.datacontent", "pk": 271, "fields": {"text_data": "US-DNR-87", "bool_data": null, "image_data": "", "float_data": null, "email_data": null, "url_data": null, "decimal_data": null, "int_data": null, "date_data": null, "dollar_data": null}}, {"model": "data_tables.datacontent", "pk": 272, "fields": {"text_data": "Are Sharks good for eating", "bool_data": null, "image_data": "", "float_data": null, "email_data": null, "url_data": null, "decimal_data": null, "int_data": null, "date_data": null, "dollar_data": null}}, {"model": "data_tables.datacontent", "pk": 273, "fields": {"text_data": "Jan 20,2023 Review", "bool_data": null, "image_data": "", "float_data": null, "email_data": null, "url_data": null, "decimal_data": null, "int_data": null, "date_data": null, "dollar_data": null}}, {"model": "data_tables.datacell", "pk": 131, "fields": {"row": 20, "column": 26, "data": 85, "classification": null, "access_attributes": []}}, {"model": "data_tables.datacell", "pk": 132, "fields": {"row": 20, "column": 27, "data": 86, "classification": null, "access_attributes": [7]}}, {"model": "data_tables.datacell", "pk": 133, "fields": {"row": 20, "column": 28, "data": 87, "classification": null, "access_attributes": [15]}}, {"model": "data_tables.datacell", "pk": 134, "fields": {"row": 20, "column": 29, "data": 26, "classification": null, "access_attributes": [4]}}, {"model": "data_tables.datacell", "pk": 135, "fields": {"row": 20, "column": 30, "data": 88, "classification": null, "access_attributes": [15]}}, {"model": "data_tables.datacell", "pk": 136, "fields": {"row": 20, "column": 31, "data": 89, "classification": null, "access_attributes": [15]}}, {"model": "data_tables.datacell", "pk": 137, "fields": {"row": 20, "column": 32, "data": 90, "classification": null, "access_attributes": [15]}}, {"model": "data_tables.datacell", "pk": 138, "fields": {"row": 20, "column": 33, "data": 91, "classification": null, "access_attributes": [15]}}, {"model": "data_tables.datacell", "pk": 139, "fields": {"row": 20, "column": 34, "data": 92, "classification": null, "access_attributes": [15]}}, {"model": "data_tables.datacell", "pk": 140, "fields": {"row": 20, "column": 35, "data": 93, "classification": null, "access_attributes": [18]}}, {"model": "data_tables.datacell", "pk": 141, "fields": {"row": 20, "column": 36, "data": 70, "classification": null, "access_attributes": [6]}}, {"model": "data_tables.datacell", "pk": 142, "fields": {"row": 20, "column": 37, "data": 94, "classification": null, "access_attributes": [5]}}, {"model": "data_tables.datacell", "pk": 143, "fields": {"row": 20, "column": 38, "data": 95, "classification": null, "access_attributes": [4]}}, {"model": "data_tables.datacell", "pk": 144, "fields": {"row": 20, "column": 39, "data": 96, "classification": null, "access_attributes": [10]}}, {"model": "data_tables.datacell", "pk": 145, "fields": {"row": 20, "column": 40, "data": 31, "classification": null, "access_attributes": [5]}}, {"model": "data_tables.datacell", "pk": 146, "fields": {"row": 20, "column": 41, "data": 97, "classification": null, "access_attributes": [4]}}, {"model": "data_tables.datacell", "pk": 147, "fields": {"row": 20, "column": 42, "data": 98, "classification": null, "access_attributes": [10]}}, {"model": "data_tables.datacell", "pk": 148, "fields": {"row": 21, "column": 26, "data": 99, "classification": null, "access_attributes": []}}, {"model": "data_tables.datacell", "pk": 149, "fields": {"row": 21, "column": 27, "data": 100, "classification": null, "access_attributes": [7]}}, {"model": "data_tables.datacell", "pk": 150, "fields": {"row": 21, "column": 28, "data": 87, "classification": null, "access_attributes": [5]}}, {"model": "data_tables.datacell", "pk": 151, "fields": {"row": 21, "column": 29, "data": 26, "classification": null, "access_attributes": [5]}}, {"model": "data_tables.datacell", "pk": 152, "fields": {"row": 21, "column": 30, "data": 101, "classification": null, "access_attributes": [5]}}, {"model": "data_tables.datacell", "pk": 153, "fields": {"row": 21, "column": 31, "data": 102, "classification": null, "access_attributes": [13]}}, {"model": "data_tables.datacell", "pk": 154, "fields": {"row": 21, "column": 32, "data": 103, "classification": null, "access_attributes": [5]}}, {"model": "data_tables.datacell", "pk": 155, "fields": {"row": 21, "column": 33, "data": 104, "classification": null, "access_attributes": [5]}}, {"model": "data_tables.datacell", "pk": 156, "fields": {"row": 21, "column": 34, "data": 105, "classification": null, "access_attributes": [5]}}, {"model": "data_tables.datacell", "pk": 157, "fields": {"row": 21, "column": 35, "data": 106, "classification": null, "access_attributes": [18]}}, {"model": "data_tables.datacell", "pk": 158, "fields": {"row": 21, "column": 36, "data": 107, "classification": null, "access_attributes": [14]}}, {"model": "data_tables.datacell", "pk": 159, "fields": {"row": 21, "column": 37, "data": 108, "classification": null, "access_attributes": [14]}}, {"model": "data_tables.datacell", "pk": 160, "fields": {"row": 21, "column": 38, "data": 109, "classification": null, "access_attributes": [14]}}, {"model": "data_tables.datacell", "pk": 161, "fields": {"row": 21, "column": 39, "data": 110, "classification": null, "access_attributes": [5]}}, {"model": "data_tables.datacell", "pk": 162, "fields": {"row": 21, "column": 40, "data": 30, "classification": null, "access_attributes": [5]}}, {"model": "data_tables.datacell", "pk": 163, "fields": {"row": 21, "column": 41, "data": 111, "classification": null, "access_attributes": [5]}}, {"model": "data_tables.datacell", "pk": 164, "fields": {"row": 21, "column": 42, "data": 112, "classification": null, "access_attributes": [5]}}, {"model": "data_tables.datacell", "pk": 165, "fields": {"row": 22, "column": 26, "data": 113, "classification": null, "access_attributes": []}}, {"model": "data_tables.datacell", "pk": 166, "fields": {"row": 22, "column": 27, "data": 114, "classification": null, "access_attributes": [7]}}, {"model": "data_tables.datacell", "pk": 167, "fields": {"row": 22, "column": 28, "data": 87, "classification": null, "access_attributes": [6]}}, {"model": "data_tables.datacell", "pk": 168, "fields": {"row": 22, "column": 29, "data": 26, "classification": null, "access_attributes": [6]}}, {"model": "data_tables.datacell", "pk": 169, "fields": {"row": 22, "column": 30, "data": 88, "classification": null, "access_attributes": [6]}}, {"model": "data_tables.datacell", "pk": 170, "fields": {"row": 22, "column": 31, "data": 115, "classification": null, "access_attributes": [15]}}, {"model": "data_tables.datacell", "pk": 171, "fields": {"row": 22, "column": 32, "data": 116, "classification": null, "access_attributes": [6]}}, {"model": "data_tables.datacell", "pk": 172, "fields": {"row": 22, "column": 33, "data": 117, "classification": null, "access_attributes": [6]}}, {"model": "data_tables.datacell", "pk": 173, "fields": {"row": 22, "column": 34, "data": 118, "classification": null, "access_attributes": [6]}}, {"model": "data_tables.datacell", "pk": 174, "fields": {"row": 22, "column": 35, "data": 119, "classification": null, "access_attributes": [18]}}, {"model": "data_tables.datacell", "pk": 175, "fields": {"row": 22, "column": 36, "data": 70, "classification": null, "access_attributes": [6]}}, {"model": "data_tables.datacell", "pk": 176, "fields": {"row": 22, "column": 37, "data": 120, "classification": null, "access_attributes": [6]}}, {"model": "data_tables.datacell", "pk": 177, "fields": {"row": 22, "column": 38, "data": 121, "classification": null, "access_attributes": [6]}}, {"model": "data_tables.datacell", "pk": 178, "fields": {"row": 22, "column": 39, "data": 122, "classification": null, "access_attributes": [5]}}, {"model": "data_tables.datacell", "pk": 179, "fields": {"row": 22, "column": 40, "data": 31, "classification": null, "access_attributes": [6]}}, {"model": "data_tables.datacell", "pk": 180, "fields": {"row": 22, "column": 41, "data": 123, "classification": null, "access_attributes": [6]}}, {"model": "data_tables.datacell", "pk": 181, "fields": {"row": 22, "column": 42, "data": 124, "classification": null, "access_attributes": [15]}}, {"model": "data_tables.datacell", "pk": 182, "fields": {"row": 23, "column": 26, "data": 125, "classification": null, "access_attributes": []}}, {"model": "data_tables.datacell", "pk": 183, "fields": {"row": 23, "column": 27, "data": 126, "classification": null, "access_attributes": [7]}}, {"model": "data_tables.datacell", "pk": 184, "fields": {"row": 23, "column": 28, "data": 87, "classification": null, "access_attributes": [5]}}, {"model": "data_tables.datacell", "pk": 185, "fields": {"row": 23, "column": 29, "data": 26, "classification": null, "access_attributes": [5]}}, {"model": "data_tables.datacell", "pk": 186, "fields": {"row": 23, "column": 30, "data": 101, "classification": null, "access_attributes": [5]}}, {"model": "data_tables.datacell", "pk": 187, "fields": {"row": 23, "column": 31, "data": 127, "classification": null, "access_attributes": [13]}}, {"model": "data_tables.datacell", "pk": 188, "fields": {"row": 23, "column": 32, "data": 128, "classification": null, "access_attributes": [5]}}, {"model": "data_tables.datacell", "pk": 189, "fields": {"row": 23, "column": 33, "data": 129, "classification": null, "access_attributes": [5]}}, {"model": "data_tables.datacell", "pk": 190, "fields": {"row": 23, "column": 34, "data": 130, "classification": null, "access_attributes": [5]}}, {"model": "data_tables.datacell", "pk": 191, "fields": {"row": 23, "column": 35, "data": 131, "classification": null, "access_attributes": [18]}}, {"model": "data_tables.datacell", "pk": 192, "fields": {"row": 23, "column": 36, "data": 107, "classification": null, "access_attributes": [5]}}, {"model": "data_tables.datacell", "pk": 193, "fields": {"row": 23, "column": 37, "data": 108, "classification": null, "access_attributes": [5]}}, {"model": "data_tables.datacell", "pk": 194, "fields": {"row": 23, "column": 38, "data": 132, "classification": null, "access_attributes": [5]}}, {"model": "data_tables.datacell", "pk": 195, "fields": {"row": 23, "column": 39, "data": 133, "classification": null, "access_attributes": [5]}}, {"model": "data_tables.datacell", "pk": 196, "fields": {"row": 23, "column": 40, "data": 30, "classification": null, "access_attributes": [5]}}, {"model": "data_tables.datacell", "pk": 197, "fields": {"row": 23, "column": 41, "data": 134, "classification": null, "access_attributes": [5]}}, {"model": "data_tables.datacell", "pk": 198, "fields": {"row": 23, "column": 42, "data": 112, "classification": null, "access_attributes": [5]}}, {"model": "data_tables.datacell", "pk": 199, "fields": {"row": 24, "column": 26, "data": 135, "classification": null, "access_attributes": []}}, {"model": "data_tables.datacell", "pk": 200, "fields": {"row": 24, "column": 27, "data": 136, "classification": null, "access_attributes": [7]}}, {"model": "data_tables.datacell", "pk": 201, "fields": {"row": 24, "column": 28, "data": 87, "classification": null, "access_attributes": [18]}}, {"model": "data_tables.datacell", "pk": 202, "fields": {"row": 24, "column": 29, "data": 26, "classification": null, "access_attributes": [18]}}, {"model": "data_tables.datacell", "pk": 203, "fields": {"row": 24, "column": 30, "data": 101, "classification": null, "access_attributes": [18]}}, {"model": "data_tables.datacell", "pk": 204, "fields": {"row": 24, "column": 31, "data": 137, "classification": null, "access_attributes": [17]}}, {"model": "data_tables.datacell", "pk": 205, "fields": {"row": 24, "column": 32, "data": 138, "classification": null, "access_attributes": [18]}}, {"model": "data_tables.datacell", "pk": 206, "fields": {"row": 24, "column": 33, "data": 139, "classification": null, "access_attributes": [18]}}, {"model": "data_tables.datacell", "pk": 207, "fields": {"row": 24, "column": 34, "data": 140, "classification": null, "access_attributes": [18]}}, {"model": "data_tables.datacell", "pk": 208, "fields": {"row": 24, "column": 35, "data": 141, "classification": null, "access_attributes": [18]}}, {"model": "data_tables.datacell", "pk": 209, "fields": {"row": 24, "column": 36, "data": 107, "classification": null, "access_attributes": [18]}}, {"model": "data_tables.datacell", "pk": 210, "fields": {"row": 24, "column": 37, "data": 142, "classification": null, "access_attributes": [18]}}, {"model": "data_tables.datacell", "pk": 211, "fields": {"row": 24, "column": 38, "data": 143, "classification": null, "access_attributes": [18]}}, {"model": "data_tables.datacell", "pk": 212, "fields": {"row": 24, "column": 39, "data": 144, "classification": null, "access_attributes": [18]}}, {"model": "data_tables.datacell", "pk": 213, "fields": {"row": 24, "column": 40, "data": 145, "classification": null, "access_attributes": [18]}}, {"model": "data_tables.datacell", "pk": 214, "fields": {"row": 24, "column": 41, "data": 146, "classification": null, "access_attributes": [18]}}, {"model": "data_tables.datacell", "pk": 215, "fields": {"row": 24, "column": 42, "data": 147, "classification": null, "access_attributes": [18]}}, {"model": "data_tables.datacell", "pk": 216, "fields": {"row": 25, "column": 26, "data": 148, "classification": null, "access_attributes": []}}, {"model": "data_tables.datacell", "pk": 217, "fields": {"row": 25, "column": 27, "data": 149, "classification": null, "access_attributes": [7]}}, {"model": "data_tables.datacell", "pk": 218, "fields": {"row": 25, "column": 28, "data": 150, "classification": null, "access_attributes": [7]}}, {"model": "data_tables.datacell", "pk": 219, "fields": {"row": 25, "column": 29, "data": 151, "classification": null, "access_attributes": [10]}}, {"model": "data_tables.datacell", "pk": 220, "fields": {"row": 25, "column": 30, "data": 152, "classification": null, "access_attributes": [10]}}, {"model": "data_tables.datacell", "pk": 221, "fields": {"row": 25, "column": 31, "data": 153, "classification": null, "access_attributes": [19]}}, {"model": "data_tables.datacell", "pk": 222, "fields": {"row": 25, "column": 32, "data": 154, "classification": null, "access_attributes": [10]}}, {"model": "data_tables.datacell", "pk": 223, "fields": {"row": 25, "column": 33, "data": 155, "classification": null, "access_attributes": [10]}}, {"model": "data_tables.datacell", "pk": 224, "fields": {"row": 25, "column": 34, "data": 156, "classification": null, "access_attributes": [10]}}, {"model": "data_tables.datacell", "pk": 225, "fields": {"row": 25, "column": 35, "data": 157, "classification": null, "access_attributes": [18]}}, {"model": "data_tables.datacell", "pk": 226, "fields": {"row": 25, "column": 36, "data": 151, "classification": null, "access_attributes": [10]}}, {"model": "data_tables.datacell", "pk": 227, "fields": {"row": 25, "column": 37, "data": 158, "classification": null, "access_attributes": [10]}}, {"model": "data_tables.datacell", "pk": 228, "fields": {"row": 25, "column": 38, "data": 159, "classification": null, "access_attributes": [10]}}, {"model": "data_tables.datacell", "pk": 229, "fields": {"row": 25, "column": 39, "data": 144, "classification": null, "access_attributes": [10]}}, {"model": "data_tables.datacell", "pk": 230, "fields": {"row": 25, "column": 40, "data": 160, "classification": null, "access_attributes": [10]}}, {"model": "data_tables.datacell", "pk": 231, "fields": {"row": 25, "column": 41, "data": 161, "classification": null, "access_attributes": [10]}}, {"model": "data_tables.datacell", "pk": 232, "fields": {"row": 25, "column": 42, "data": 162, "classification": null, "access_attributes": [10]}}, {"model": "data_tables.datacell", "pk": 233, "fields": {"row": 26, "column": 26, "data": 163, "classification": null, "access_attributes": []}}, {"model": "data_tables.datacell", "pk": 234, "fields": {"row": 26, "column": 27, "data": 164, "classification": null, "access_attributes": [7]}}, {"model": "data_tables.datacell", "pk": 235, "fields": {"row": 26, "column": 28, "data": 87, "classification": null, "access_attributes": [5]}}, {"model": "data_tables.datacell", "pk": 236, "fields": {"row": 26, "column": 29, "data": 151, "classification": null, "access_attributes": [10]}}, {"model": "data_tables.datacell", "pk": 237, "fields": {"row": 26, "column": 30, "data": 152, "classification": null, "access_attributes": [10]}}, {"model": "data_tables.datacell", "pk": 238, "fields": {"row": 26, "column": 31, "data": 165, "classification": null, "access_attributes": [5]}}, {"model": "data_tables.datacell", "pk": 239, "fields": {"row": 26, "column": 32, "data": 166, "classification": null, "access_attributes": [5]}}, {"model": "data_tables.datacell", "pk": 240, "fields": {"row": 26, "column": 33, "data": 167, "classification": null, "access_attributes": [5]}}, {"model": "data_tables.datacell", "pk": 241, "fields": {"row": 26, "column": 34, "data": 168, "classification": null, "access_attributes": [5]}}, {"model": "data_tables.datacell", "pk": 242, "fields": {"row": 26, "column": 35, "data": 169, "classification": null, "access_attributes": [18]}}, {"model": "data_tables.datacell", "pk": 243, "fields": {"row": 26, "column": 36, "data": 170, "classification": null, "access_attributes": [10]}}, {"model": "data_tables.datacell", "pk": 244, "fields": {"row": 26, "column": 37, "data": 171, "classification": null, "access_attributes": [5]}}, {"model": "data_tables.datacell", "pk": 245, "fields": {"row": 26, "column": 38, "data": 172, "classification": null, "access_attributes": [5]}}, {"model": "data_tables.datacell", "pk": 246, "fields": {"row": 26, "column": 39, "data": 173, "classification": null, "access_attributes": [5]}}, {"model": "data_tables.datacell", "pk": 247, "fields": {"row": 26, "column": 40, "data": 160, "classification": null, "access_attributes": [10]}}, {"model": "data_tables.datacell", "pk": 248, "fields": {"row": 26, "column": 41, "data": 174, "classification": null, "access_attributes": [10]}}, {"model": "data_tables.datacell", "pk": 249, "fields": {"row": 26, "column": 42, "data": 175, "classification": null, "access_attributes": [10]}}, {"model": "data_tables.datacell", "pk": 250, "fields": {"row": 27, "column": 26, "data": 176, "classification": null, "access_attributes": []}}, {"model": "data_tables.datacell", "pk": 251, "fields": {"row": 27, "column": 27, "data": 177, "classification": null, "access_attributes": [7]}}, {"model": "data_tables.datacell", "pk": 252, "fields": {"row": 27, "column": 28, "data": 87, "classification": null, "access_attributes": [10]}}, {"model": "data_tables.datacell", "pk": 253, "fields": {"row": 27, "column": 29, "data": 151, "classification": null, "access_attributes": [10]}}, {"model": "data_tables.datacell", "pk": 254, "fields": {"row": 27, "column": 30, "data": 178, "classification": null, "access_attributes": [10]}}, {"model": "data_tables.datacell", "pk": 255, "fields": {"row": 27, "column": 31, "data": 179, "classification": null, "access_attributes": [22]}}, {"model": "data_tables.datacell", "pk": 256, "fields": {"row": 27, "column": 32, "data": 180, "classification": null, "access_attributes": [10]}}, {"model": "data_tables.datacell", "pk": 257, "fields": {"row": 27, "column": 33, "data": 181, "classification": null, "access_attributes": [10]}}, {"model": "data_tables.datacell", "pk": 258, "fields": {"row": 27, "column": 34, "data": 168, "classification": null, "access_attributes": [10]}}, {"model": "data_tables.datacell", "pk": 259, "fields": {"row": 27, "column": 35, "data": 182, "classification": null, "access_attributes": [18]}}, {"model": "data_tables.datacell", "pk": 260, "fields": {"row": 27, "column": 36, "data": 151, "classification": null, "access_attributes": [10]}}, {"model": "data_tables.datacell", "pk": 261, "fields": {"row": 27, "column": 37, "data": 183, "classification": null, "access_attributes": [10]}}, {"model": "data_tables.datacell", "pk": 262, "fields": {"row": 27, "column": 38, "data": 184, "classification": null, "access_attributes": [10]}}, {"model": "data_tables.datacell", "pk": 263, "fields": {"row": 27, "column": 39, "data": 185, "classification": null, "access_attributes": [10]}}, {"model": "data_tables.datacell", "pk": 264, "fields": {"row": 27, "column": 40, "data": 186, "classification": null, "access_attributes": [10]}}, {"model": "data_tables.datacell", "pk": 265, "fields": {"row": 27, "column": 41, "data": 187, "classification": null, "access_attributes": [10]}}, {"model": "data_tables.datacell", "pk": 266, "fields": {"row": 27, "column": 42, "data": 188, "classification": null, "access_attributes": [10]}}, {"model": "data_tables.datacell", "pk": 267, "fields": {"row": 28, "column": 26, "data": 189, "classification": null, "access_attributes": []}}, {"model": "data_tables.datacell", "pk": 268, "fields": {"row": 28, "column": 27, "data": 190, "classification": null, "access_attributes": [7]}}, {"model": "data_tables.datacell", "pk": 269, "fields": {"row": 28, "column": 28, "data": 87, "classification": null, "access_attributes": [10]}}, {"model": "data_tables.datacell", "pk": 270, "fields": {"row": 28, "column": 29, "data": 151, "classification": null, "access_attributes": [10]}}, {"model": "data_tables.datacell", "pk": 271, "fields": {"row": 28, "column": 30, "data": 88, "classification": null, "access_attributes": [10]}}, {"model": "data_tables.datacell", "pk": 272, "fields": {"row": 28, "column": 31, "data": 191, "classification": null, "access_attributes": [10]}}, {"model": "data_tables.datacell", "pk": 273, "fields": {"row": 28, "column": 32, "data": 192, "classification": null, "access_attributes": [10]}}, {"model": "data_tables.datacell", "pk": 274, "fields": {"row": 28, "column": 33, "data": 193, "classification": null, "access_attributes": [10]}}, {"model": "data_tables.datacell", "pk": 275, "fields": {"row": 28, "column": 34, "data": 168, "classification": null, "access_attributes": [10]}}, {"model": "data_tables.datacell", "pk": 276, "fields": {"row": 28, "column": 35, "data": 194, "classification": null, "access_attributes": [18]}}, {"model": "data_tables.datacell", "pk": 277, "fields": {"row": 28, "column": 36, "data": 195, "classification": null, "access_attributes": [10]}}, {"model": "data_tables.datacell", "pk": 278, "fields": {"row": 28, "column": 37, "data": 196, "classification": null, "access_attributes": [10]}}, {"model": "data_tables.datacell", "pk": 279, "fields": {"row": 28, "column": 38, "data": 197, "classification": null, "access_attributes": [10]}}, {"model": "data_tables.datacell", "pk": 280, "fields": {"row": 28, "column": 39, "data": 133, "classification": null, "access_attributes": [10]}}, {"model": "data_tables.datacell", "pk": 281, "fields": {"row": 28, "column": 40, "data": 198, "classification": null, "access_attributes": [10]}}, {"model": "data_tables.datacell", "pk": 282, "fields": {"row": 28, "column": 41, "data": 199, "classification": null, "access_attributes": [10]}}, {"model": "data_tables.datacell", "pk": 283, "fields": {"row": 28, "column": 42, "data": 200, "classification": null, "access_attributes": [10]}}, {"model": "data_tables.datacell", "pk": 284, "fields": {"row": 29, "column": 26, "data": 201, "classification": null, "access_attributes": []}}, {"model": "data_tables.datacell", "pk": 285, "fields": {"row": 29, "column": 27, "data": 202, "classification": null, "access_attributes": [7]}}, {"model": "data_tables.datacell", "pk": 286, "fields": {"row": 29, "column": 28, "data": 150, "classification": null, "access_attributes": [7]}}, {"model": "data_tables.datacell", "pk": 287, "fields": {"row": 29, "column": 29, "data": 151, "classification": null, "access_attributes": [6]}}, {"model": "data_tables.datacell", "pk": 288, "fields": {"row": 29, "column": 30, "data": 178, "classification": null, "access_attributes": [10]}}, {"model": "data_tables.datacell", "pk": 289, "fields": {"row": 29, "column": 31, "data": 203, "classification": null, "access_attributes": [21]}}, {"model": "data_tables.datacell", "pk": 290, "fields": {"row": 29, "column": 32, "data": 204, "classification": null, "access_attributes": [10]}}, {"model": "data_tables.datacell", "pk": 291, "fields": {"row": 29, "column": 33, "data": 205, "classification": null, "access_attributes": [10]}}, {"model": "data_tables.datacell", "pk": 292, "fields": {"row": 29, "column": 34, "data": 168, "classification": null, "access_attributes": [10]}}, {"model": "data_tables.datacell", "pk": 293, "fields": {"row": 29, "column": 35, "data": 206, "classification": null, "access_attributes": [18]}}, {"model": "data_tables.datacell", "pk": 294, "fields": {"row": 29, "column": 36, "data": 207, "classification": null, "access_attributes": [21]}}, {"model": "data_tables.datacell", "pk": 295, "fields": {"row": 29, "column": 37, "data": 208, "classification": null, "access_attributes": [21]}}, {"model": "data_tables.datacell", "pk": 296, "fields": {"row": 29, "column": 38, "data": 209, "classification": null, "access_attributes": [21]}}, {"model": "data_tables.datacell", "pk": 297, "fields": {"row": 29, "column": 39, "data": 96, "classification": null, "access_attributes": [21]}}, {"model": "data_tables.datacell", "pk": 298, "fields": {"row": 29, "column": 40, "data": 210, "classification": null, "access_attributes": [10]}}, {"model": "data_tables.datacell", "pk": 299, "fields": {"row": 29, "column": 41, "data": 211, "classification": null, "access_attributes": [10]}}, {"model": "data_tables.datacell", "pk": 300, "fields": {"row": 29, "column": 42, "data": 212, "classification": null, "access_attributes": [10]}}, {"model": "data_tables.datacell", "pk": 301, "fields": {"row": 30, "column": 26, "data": 213, "classification": null, "access_attributes": []}}, {"model": "data_tables.datacell", "pk": 302, "fields": {"row": 30, "column": 27, "data": 214, "classification": null, "access_attributes": [7]}}, {"model": "data_tables.datacell", "pk": 303, "fields": {"row": 30, "column": 28, "data": 215, "classification": null, "access_attributes": [7]}}, {"model": "data_tables.datacell", "pk": 304, "fields": {"row": 30, "column": 29, "data": 151, "classification": null, "access_attributes": [5]}}, {"model": "data_tables.datacell", "pk": 305, "fields": {"row": 30, "column": 30, "data": 88, "classification": null, "access_attributes": [27]}}, {"model": "data_tables.datacell", "pk": 306, "fields": {"row": 30, "column": 31, "data": 216, "classification": null, "access_attributes": [25]}}, {"model": "data_tables.datacell", "pk": 307, "fields": {"row": 30, "column": 32, "data": 217, "classification": null, "access_attributes": [10]}}, {"model": "data_tables.datacell", "pk": 308, "fields": {"row": 30, "column": 33, "data": 218, "classification": null, "access_attributes": [10]}}, {"model": "data_tables.datacell", "pk": 309, "fields": {"row": 30, "column": 34, "data": 168, "classification": null, "access_attributes": [27]}}, {"model": "data_tables.datacell", "pk": 310, "fields": {"row": 30, "column": 35, "data": 219, "classification": null, "access_attributes": [18]}}, {"model": "data_tables.datacell", "pk": 311, "fields": {"row": 30, "column": 36, "data": 220, "classification": null, "access_attributes": [27]}}, {"model": "data_tables.datacell", "pk": 312, "fields": {"row": 30, "column": 37, "data": 221, "classification": null, "access_attributes": [27]}}, {"model": "data_tables.datacell", "pk": 313, "fields": {"row": 30, "column": 38, "data": 222, "classification": null, "access_attributes": [27]}}, {"model": "data_tables.datacell", "pk": 314, "fields": {"row": 30, "column": 39, "data": 223, "classification": null, "access_attributes": [10]}}, {"model": "data_tables.datacell", "pk": 315, "fields": {"row": 30, "column": 40, "data": 224, "classification": null, "access_attributes": [10]}}, {"model": "data_tables.datacell", "pk": 316, "fields": {"row": 30, "column": 41, "data": 225, "classification": null, "access_attributes": [10]}}, {"model": "data_tables.datacell", "pk": 317, "fields": {"row": 30, "column": 42, "data": 226, "classification": null, "access_attributes": [10]}}, {"model": "data_tables.datacell", "pk": 318, "fields": {"row": 31, "column": 26, "data": 227, "classification": null, "access_attributes": []}}, {"model": "data_tables.datacell", "pk": 319, "fields": {"row": 31, "column": 27, "data": 228, "classification": null, "access_attributes": [7]}}, {"model": "data_tables.datacell", "pk": 320, "fields": {"row": 31, "column": 28, "data": 87, "classification": null, "access_attributes": [6]}}, {"model": "data_tables.datacell", "pk": 321, "fields": {"row": 31, "column": 29, "data": 151, "classification": null, "access_attributes": [6]}}, {"model": "data_tables.datacell", "pk": 322, "fields": {"row": 31, "column": 30, "data": 152, "classification": null, "access_attributes": [6]}}, {"model": "data_tables.datacell", "pk": 323, "fields": {"row": 31, "column": 31, "data": 229, "classification": null, "access_attributes": [5]}}, {"model": "data_tables.datacell", "pk": 324, "fields": {"row": 31, "column": 32, "data": 230, "classification": null, "access_attributes": [6]}}, {"model": "data_tables.datacell", "pk": 325, "fields": {"row": 31, "column": 33, "data": 231, "classification": null, "access_attributes": [6]}}, {"model": "data_tables.datacell", "pk": 326, "fields": {"row": 31, "column": 34, "data": 168, "classification": null, "access_attributes": [6]}}, {"model": "data_tables.datacell", "pk": 327, "fields": {"row": 31, "column": 35, "data": 232, "classification": null, "access_attributes": [18]}}, {"model": "data_tables.datacell", "pk": 328, "fields": {"row": 31, "column": 36, "data": 203, "classification": null, "access_attributes": [6]}}, {"model": "data_tables.datacell", "pk": 329, "fields": {"row": 31, "column": 37, "data": 233, "classification": null, "access_attributes": [6]}}, {"model": "data_tables.datacell", "pk": 330, "fields": {"row": 31, "column": 38, "data": 234, "classification": null, "access_attributes": [6]}}, {"model": "data_tables.datacell", "pk": 331, "fields": {"row": 31, "column": 39, "data": 133, "classification": null, "access_attributes": [6]}}, {"model": "data_tables.datacell", "pk": 332, "fields": {"row": 31, "column": 40, "data": 235, "classification": null, "access_attributes": [6]}}, {"model": "data_tables.datacell", "pk": 333, "fields": {"row": 31, "column": 41, "data": 236, "classification": null, "access_attributes": [6]}}, {"model": "data_tables.datacell", "pk": 334, "fields": {"row": 31, "column": 42, "data": 237, "classification": null, "access_attributes": [6]}}, {"model": "data_tables.datacell", "pk": 335, "fields": {"row": 32, "column": 26, "data": 238, "classification": null, "access_attributes": []}}, {"model": "data_tables.datacell", "pk": 336, "fields": {"row": 32, "column": 27, "data": 239, "classification": null, "access_attributes": [7]}}, {"model": "data_tables.datacell", "pk": 337, "fields": {"row": 32, "column": 28, "data": 240, "classification": null, "access_attributes": [7]}}, {"model": "data_tables.datacell", "pk": 338, "fields": {"row": 32, "column": 29, "data": 151, "classification": null, "access_attributes": [4]}}, {"model": "data_tables.datacell", "pk": 339, "fields": {"row": 32, "column": 30, "data": 178, "classification": null, "access_attributes": [29]}}, {"model": "data_tables.datacell", "pk": 340, "fields": {"row": 32, "column": 31, "data": 241, "classification": null, "access_attributes": [29]}}, {"model": "data_tables.datacell", "pk": 341, "fields": {"row": 32, "column": 32, "data": 242, "classification": null, "access_attributes": [29]}}, {"model": "data_tables.datacell", "pk": 342, "fields": {"row": 32, "column": 33, "data": 243, "classification": null, "access_attributes": [29]}}, {"model": "data_tables.datacell", "pk": 343, "fields": {"row": 32, "column": 34, "data": 168, "classification": null, "access_attributes": [29]}}, {"model": "data_tables.datacell", "pk": 344, "fields": {"row": 32, "column": 35, "data": 244, "classification": null, "access_attributes": [18]}}, {"model": "data_tables.datacell", "pk": 345, "fields": {"row": 32, "column": 36, "data": 203, "classification": null, "access_attributes": [29]}}, {"model": "data_tables.datacell", "pk": 346, "fields": {"row": 32, "column": 37, "data": 245, "classification": null, "access_attributes": [29]}}, {"model": "data_tables.datacell", "pk": 347, "fields": {"row": 32, "column": 38, "data": 246, "classification": null, "access_attributes": [29]}}, {"model": "data_tables.datacell", "pk": 348, "fields": {"row": 32, "column": 39, "data": 110, "classification": null, "access_attributes": [29]}}, {"model": "data_tables.datacell", "pk": 349, "fields": {"row": 32, "column": 40, "data": 247, "classification": null, "access_attributes": [29]}}, {"model": "data_tables.datacell", "pk": 350, "fields": {"row": 32, "column": 41, "data": 248, "classification": null, "access_attributes": [29]}}, {"model": "data_tables.datacell", "pk": 351, "fields": {"row": 32, "column": 42, "data": 249, "classification": null, "access_attributes": [29]}}, {"model": "data_tables.datacell", "pk": 352, "fields": {"row": 33, "column": 26, "data": 250, "classification": null, "access_attributes": []}}, {"model": "data_tables.datacell", "pk": 353, "fields": {"row": 33, "column": 27, "data": 251, "classification": null, "access_attributes": [7]}}, {"model": "data_tables.datacell", "pk": 354, "fields": {"row": 33, "column": 28, "data": 87, "classification": null, "access_attributes": [10]}}, {"model": "data_tables.datacell", "pk": 355, "fields": {"row": 33, "column": 29, "data": 151, "classification": null, "access_attributes": [10]}}, {"model": "data_tables.datacell", "pk": 356, "fields": {"row": 33, "column": 30, "data": 88, "classification": null, "access_attributes": [10]}}, {"model": "data_tables.datacell", "pk": 357, "fields": {"row": 33, "column": 31, "data": 252, "classification": null, "access_attributes": [6]}}, {"model": "data_tables.datacell", "pk": 358, "fields": {"row": 33, "column": 32, "data": 253, "classification": null, "access_attributes": [10]}}, {"model": "data_tables.datacell", "pk": 359, "fields": {"row": 33, "column": 33, "data": 254, "classification": null, "access_attributes": [6]}}, {"model": "data_tables.datacell", "pk": 360, "fields": {"row": 33, "column": 34, "data": 168, "classification": null, "access_attributes": [31]}}, {"model": "data_tables.datacell", "pk": 361, "fields": {"row": 33, "column": 35, "data": 219, "classification": null, "access_attributes": [18]}}, {"model": "data_tables.datacell", "pk": 362, "fields": {"row": 33, "column": 36, "data": 255, "classification": null, "access_attributes": [10]}}, {"model": "data_tables.datacell", "pk": 363, "fields": {"row": 33, "column": 37, "data": 256, "classification": null, "access_attributes": [6, 31]}}, {"model": "data_tables.datacell", "pk": 364, "fields": {"row": 33, "column": 38, "data": 257, "classification": null, "access_attributes": [6, 31]}}, {"model": "data_tables.datacell", "pk": 365, "fields": {"row": 33, "column": 39, "data": 110, "classification": null, "access_attributes": [10]}}, {"model": "data_tables.datacell", "pk": 366, "fields": {"row": 33, "column": 40, "data": 160, "classification": null, "access_attributes": [10]}}, {"model": "data_tables.datacell", "pk": 367, "fields": {"row": 33, "column": 41, "data": 258, "classification": null, "access_attributes": [6, 31]}}, {"model": "data_tables.datacell", "pk": 368, "fields": {"row": 33, "column": 42, "data": 259, "classification": null, "access_attributes": [6, 31]}}, {"model": "data_tables.datacell", "pk": 369, "fields": {"row": 34, "column": 26, "data": 260, "classification": null, "access_attributes": []}}, {"model": "data_tables.datacell", "pk": 370, "fields": {"row": 34, "column": 27, "data": 261, "classification": null, "access_attributes": [7]}}, {"model": "data_tables.datacell", "pk": 371, "fields": {"row": 34, "column": 28, "data": 262, "classification": null, "access_attributes": [7]}}, {"model": "data_tables.datacell", "pk": 372, "fields": {"row": 34, "column": 29, "data": 151, "classification": null, "access_attributes": [34]}}, {"model": "data_tables.datacell", "pk": 373, "fields": {"row": 34, "column": 30, "data": 178, "classification": null, "access_attributes": [34]}}, {"model": "data_tables.datacell", "pk": 374, "fields": {"row": 34, "column": 31, "data": 263, "classification": null, "access_attributes": [35]}}, {"model": "data_tables.datacell", "pk": 375, "fields": {"row": 34, "column": 32, "data": 264, "classification": null, "access_attributes": [35]}}, {"model": "data_tables.datacell", "pk": 376, "fields": {"row": 34, "column": 33, "data": 265, "classification": null, "access_attributes": [34]}}, {"model": "data_tables.datacell", "pk": 377, "fields": {"row": 34, "column": 34, "data": 168, "classification": null, "access_attributes": [35]}}, {"model": "data_tables.datacell", "pk": 378, "fields": {"row": 34, "column": 35, "data": 266, "classification": null, "access_attributes": [18]}}, {"model": "data_tables.datacell", "pk": 379, "fields": {"row": 34, "column": 36, "data": 267, "classification": null, "access_attributes": [34]}}, {"model": "data_tables.datacell", "pk": 380, "fields": {"row": 34, "column": 37, "data": 268, "classification": null, "access_attributes": [34]}}, {"model": "data_tables.datacell", "pk": 381, "fields": {"row": 34, "column": 38, "data": 269, "classification": null, "access_attributes": [34]}}, {"model": "data_tables.datacell", "pk": 382, "fields": {"row": 34, "column": 39, "data": 270, "classification": null, "access_attributes": [34]}}, {"model": "data_tables.datacell", "pk": 383, "fields": {"row": 34, "column": 40, "data": 271, "classification": null, "access_attributes": [34]}}, {"model": "data_tables.datacell", "pk": 384, "fields": {"row": 34, "column": 41, "data": 272, "classification": null, "access_attributes": [34]}}, {"model": "data_tables.datacell", "pk": 385, "fields": {"row": 34, "column": 42, "data": 273, "classification": null, "access_attributes": [34]}}, {"model": "users.user", "pk": 1, "fields": {"password": "pbkdf2_sha256$600000$UAeLK1SFdRW7PJ4JNCay4p$o27U4mdKrhp0W+oUwBanDapjOqcZH4/+j4C3YOhiZsg=", "last_login": "2023-06-29T00:44:00.776Z", "is_superuser": true, "username": "admin", "first_name": "admin", "last_name": "user", "email": "admin@admin.com", "is_staff": true, "is_active": true, "date_joined": "2023-04-27T04:36:29Z", "clearance": 1, "groups": [], "user_permissions": [], "access_attributes": [1]}}, {"model": "users.user", "pk": 2, "fields": {"password": "pbkdf2_sha256$600000$EjIjN2j8EdDdUXIagu6qQv$EYSs1wpzMm1aZLPdutYFUNjyGTcF0D+4RLFGXRb/9us=", "last_login": "2023-06-20T18:31:53.991Z", "is_superuser": false, "username": "ts_user", "first_name": "ts", "last_name": "user", "email": "ts@test.com", "is_staff": false, "is_active": true, "date_joined": "2023-04-27T04:36:29.957Z", "clearance": 1, "groups": [], "user_permissions": [], "access_attributes": []}}, {"model": "users.user", "pk": 3, "fields": {"password": "pbkdf2_sha256$600000$qRBTlvD8Wp2vcglgD97Zvk$Oqigj4fQS9rWt4eXCZgizAaB5Q6GD/mvNMIa9blmFPg=", "last_login": "2023-05-11T14:00:59.683Z", "is_superuser": false, "username": "s_user", "first_name": "s", "last_name": "user", "email": "s@test.com", "is_staff": false, "is_active": true, "date_joined": "2023-04-27T04:36:30.047Z", "clearance": 2, "groups": [], "user_permissions": [], "access_attributes": []}}, {"model": "users.user", "pk": 4, "fields": {"password": "pbkdf2_sha256$600000$HBuB3jakwjWd42quMjqEMP$HxjHr9fiQYaB7qrHqW8gWUw2BNwcG9N7JpB60X9Q/dk=", "last_login": "2023-05-11T14:00:23.549Z", "is_superuser": false, "username": "c_user", "first_name": "c", "last_name": "user", "email": "c@test.com", "is_staff": false, "is_active": true, "date_joined": "2023-04-27T04:36:30.139Z", "clearance": 3, "groups": [], "user_permissions": [], "access_attributes": []}}, {"model": "users.user", "pk": 5, "fields": {"password": "pbkdf2_sha256$600000$omvGxxE6VrmA9jZw8uHEqK$WBQj4rzQAHTMDu6gbWrRVahh0XRDz0BGvhvDwGwSGvs=", "last_login": "2023-05-11T14:01:15.195Z", "is_superuser": false, "username": "u_user", "first_name": "u", "last_name": "user", "email": "u@test.com", "is_staff": false, "is_active": true, "date_joined": "2023-04-27T04:36:30.229Z", "clearance": 4, "groups": [], "user_permissions": [], "access_attributes": []}}, {"model": "users.user", "pk": 6, "fields": {"password": "pbkdf2_sha256$600000$mOq8fdh4SM2Fk2Jilg77fZ$1RuOhurdbxiD5guIg3JBx7jjVIOuQj/cXlr4CFo+HXQ=", "last_login": null, "is_superuser": false, "username": "anon", "first_name": "anon", "last_name": "user", "email": "anon@test.com", "is_staff": false, "is_active": true, "date_joined": "2023-04-27T04:36:30Z", "clearance": null, "groups": [], "user_permissions": [], "access_attributes": []}}, {"model": "users.user", "pk": 7, "fields": {"password": "pbkdf2_sha256$600000$EjIjN2j8EdDdUXIagu6qQv$EYSs1wpzMm1aZLPdutYFUNjyGTcF0D+4RLFGXRb/9us=", "last_login": "2023-05-11T14:00:46.451Z", "is_superuser": false, "username": "sci1_user", "first_name": "sci1userfirst", "last_name": "sci1userlast", "email": "sci1@test.com", "is_staff": false, "is_active": true, "date_joined": "2023-04-27T04:36:29.957Z", "clearance": 1, "groups": [], "user_permissions": [], "access_attributes": [1]}}, {"model": "users.user", "pk": 8, "fields": {"password": "pbkdf2_sha256$600000$EjIjN2j8EdDdUXIagu6qQv$EYSs1wpzMm1aZLPdutYFUNjyGTcF0D+4RLFGXRb/9us=", "last_login": "2023-06-20T18:22:58.906Z", "is_superuser": false, "username": "sci2_user", "first_name": "sci2userfirst", "last_name": "sci2usersecond", "email": "sci2@test.com", "is_staff": false, "is_active": true, "date_joined": "2023-04-27T04:36:29.957Z", "clearance": 1, "groups": [], "user_permissions": [], "access_attributes": [2]}}, {"model": "users.user", "pk": 9, "fields": {"password": "!czYoC3bpCUcr5tmQen879YMrDkW55daLne2XkdgD", "last_login": "2023-05-11T14:00:32.604Z", "is_superuser": false, "username": "ntk1_user", "first_name": "", "last_name": "", "email": "ntk1@test.com", "is_staff": false, "is_active": true, "date_joined": "2023-05-10T22:47:32.626Z", "clearance": 1, "groups": [], "user_permissions": [], "access_attributes": [4]}}, {"model": "users.user", "pk": 10, "fields": {"password": "!57hkMXOJG3qv1p9VxDzWVBTGBctMZtidYew4tV2J", "last_login": "2023-05-11T14:00:14.280Z", "is_superuser": false, "username": "all_user", "first_name": "", "last_name": "", "email": "all@test.com", "is_staff": false, "is_active": true, "date_joined": "2023-05-11T04:36:32.140Z", "clearance": 1, "groups": [], "user_permissions": [], "access_attributes": [1, 2, 3, 4, 5, 6, 7]}}, {"model": "users.user", "pk": 11, "fields": {"password": "!Bb5ly4B8njD359ZUB47QEKUHOOq88iX3Fggin3a5", "last_login": "2023-05-11T14:00:39.554Z", "is_superuser": false, "username": "ntk2_user", "first_name": "", "last_name": "", "email": "ntk2@test.com", "is_staff": false, "is_active": true, "date_joined": "2023-05-11T04:39:39.433Z", "clearance": 1, "groups": [], "user_permissions": [], "access_attributes": [5]}}]