[{"model": "data_tables.classification", "pk": 1, "fields": {"name": "TOPSECRET", "level": 3}}, {"model": "data_tables.classification", "pk": 2, "fields": {"name": "SECRET", "level": 2}}, {"model": "data_tables.classification", "pk": 3, "fields": {"name": "CONFIDENTIAL", "level": 1}}, {"model": "data_tables.classification", "pk": 4, "fields": {"name": "UNCLASSIFIED", "level": 0}}, {"model": "data_tables.accessattribute", "pk": 1, "fields": {"name": "sci=sci1"}}, {"model": "data_tables.accessattribute", "pk": 2, "fields": {"name": "sci=sci2"}}, {"model": "data_tables.accessattribute", "pk": 3, "fields": {"name": "sci=sci3"}}, {"model": "data_tables.accessattribute", "pk": 4, "fields": {"name": "ntk=ntk1"}}, {"model": "data_tables.accessattribute", "pk": 5, "fields": {"name": "ntk=ntk2"}}, {"model": "data_tables.accessattribute", "pk": 6, "fields": {"name": "ntk=ntk3"}}, {"model": "data_tables.accessattribute", "pk": 7, "fields": {"name": "ntk=ntk4"}}, {"model": "data_tables.accessattribute", "pk": 8, "fields": {"name": "ntk=ntk11"}}, {"model": "data_tables.accessattribute", "pk": 9, "fields": {"name": "nationality=usa"}}, {"model": "data_tables.accessattribute", "pk": 10, "fields": {"name": "ntk=ntk6"}}, {"model": "data_tables.accessattribute", "pk": 11, "fields": {"name": "ntk=ntk25"}}, {"model": "data_tables.accessattribute", "pk": 12, "fields": {"name": "ntk=ntk26"}}, {"model": "data_tables.accessattribute", "pk": 13, "fields": {"name": "ntk=ntk12"}}, {"model": "data_tables.accessattribute", "pk": 14, "fields": {"name": "ntk=ntk10"}}, {"model": "data_tables.accessattribute", "pk": 15, "fields": {"name": "ntk=ntk8"}}, {"model": "data_tables.accessattribute", "pk": 16, "fields": {"name": "ntk=ntk18"}}, {"model": "data_tables.accessattribute", "pk": 17, "fields": {"name": "ntk=ntk13"}}, {"model": "data_tables.accessattribute", "pk": 18, "fields": {"name": "ntk=ntk5"}}, {"model": "data_tables.accessattribute", "pk": 19, "fields": {"name": "ntk=ntk19"}}, {"model": "data_tables.accessattribute", "pk": 20, "fields": {"name": "nationality=grb"}}, {"model": "data_tables.accessattribute", "pk": 21, "fields": {"name": "ntk=ntk20"}}, {"model": "data_tables.accessattribute", "pk": 22, "fields": {"name": "ntk=ntk21"}}, {"model": "data_tables.accessattribute", "pk": 23, "fields": {"name": "sci=none"}}, {"model": "data_tables.accessattribute", "pk": 24, "fields": {"name": "sci=sci4"}}, {"model": "data_tables.accessattribute", "pk": 25, "fields": {"name": "ntk=ntk23"}}, {"model": "data_tables.accessattribute", "pk": 26, "fields": {"name": "nationality=can"}}, {"model": "data_tables.accessattribute", "pk": 27, "fields": {"name": "ntk=ntk24"}}, {"model": "data_tables.accessattribute", "pk": 28, "fields": {"name": "sci=sci5"}}, {"model": "data_tables.accessattribute", "pk": 29, "fields": {"name": "ntk=ntk15"}}, {"model": "data_tables.accessattribute", "pk": 30, "fields": {"name": "nationality=nzl"}}, {"model": "data_tables.accessattribute", "pk": 31, "fields": {"name": "ntk=ntk9"}}, {"model": "data_tables.accessattribute", "pk": 32, "fields": {"name": "ntk=ntk22"}}, {"model": "data_tables.accessattribute", "pk": 33, "fields": {"name": "nationality=aus"}}, {"model": "data_tables.accessattribute", "pk": 34, "fields": {"name": "ntk=ntk16"}}, {"model": "data_tables.accessattribute", "pk": 35, "fields": {"name": "ntk=ntk14"}}, {"model": "data_tables.datatable", "pk": 1, "fields": {"name": "Operation Plan: Alpha", "classification": 1, "access_attributes": []}}, {"model": "data_tables.datatable", "pk": 2, "fields": {"name": "Top Secret Briefing", "classification": 1, "access_attributes": []}}, {"model": "data_tables.datatable", "pk": 3, "fields": {"name": "Naval Intelligence Report", "classification": 2, "access_attributes": []}}, {"model": "data_tables.datatable", "pk": 4, "fields": {"name": "La La Land Movie Review", "classification": 4, "access_attributes": []}}, {"model": "data_tables.datatable", "pk": 5, "fields": {"name": "NTK1 Table", "classification": 1, "access_attributes": [4]}}, {"model": "data_tables.datatable", "pk": 6, "fields": {"name": "NTK1 + NTK2 Table", "classification": 1, "access_attributes": [4, 5]}}, {"model": "data_tables.datatable", "pk": 7, "fields": {"name": "Weather Report", "classification": 4, "access_attributes": []}}, {"model": "data_tables.datatable", "pk": 8, "fields": {"name": "Financial Data", "classification": 4, "access_attributes": []}}, {"model": "data_tables.datarow", "pk": 1, "fields": {"table": 1, "classification": null, "access_attributes": []}}, {"model": "data_tables.datarow", "pk": 2, "fields": {"table": 1, "classification": null, "access_attributes": []}}, {"model": "data_tables.datarow", "pk": 3, "fields": {"table": 1, "classification": null, "access_attributes": []}}, {"model": "data_tables.datarow", "pk": 4, "fields": {"table": 1, "classification": null, "access_attributes": []}}, {"model": "data_tables.datarow", "pk": 5, "fields": {"table": 2, "classification": 3, "access_attributes": [2, 5]}}, {"model": "data_tables.datarow", "pk": 6, "fields": {"table": 2, "classification": 1, "access_attributes": [2, 5]}}, {"model": "data_tables.datarow", "pk": 7, "fields": {"table": 2, "classification": null, "access_attributes": []}}, {"model": "data_tables.datarow", "pk": 8, "fields": {"table": 3, "classification": null, "access_attributes": []}}, {"model": "data_tables.datarow", "pk": 9, "fields": {"table": 3, "classification": null, "access_attributes": []}}, {"model": "data_tables.datarow", "pk": 10, "fields": {"table": 3, "classification": null, "access_attributes": []}}, {"model": "data_tables.datarow", "pk": 11, "fields": {"table": 4, "classification": null, "access_attributes": []}}, {"model": "data_tables.datarow", "pk": 12, "fields": {"table": 4, "classification": null, "access_attributes": []}}, {"model": "data_tables.datarow", "pk": 13, "fields": {"table": 4, "classification": null, "access_attributes": []}}, {"model": "data_tables.datarow", "pk": 14, "fields": {"table": 4, "classification": null, "access_attributes": []}}, {"model": "data_tables.datarow", "pk": 15, "fields": {"table": 4, "classification": null, "access_attributes": []}}, {"model": "data_tables.datarow", "pk": 16, "fields": {"table": 5, "classification": null, "access_attributes": []}}, {"model": "data_tables.datarow", "pk": 17, "fields": {"table": 6, "classification": null, "access_attributes": []}}, {"model": "data_tables.datarow", "pk": 18, "fields": {"table": 7, "classification": null, "access_attributes": []}}, {"model": "data_tables.datarow", "pk": 19, "fields": {"table": 7, "classification": null, "access_attributes": []}}, {"model": "data_tables.datarow", "pk": 20, "fields": {"table": 8, "classification": 1, "access_attributes": [1, 2, 8, 9]}}, {"model": "data_tables.datarow", "pk": 21, "fields": {"table": 8, "classification": 2, "access_attributes": [1, 3, 9, 12]}}, {"model": "data_tables.datarow", "pk": 22, "fields": {"table": 8, "classification": 3, "access_attributes": [1, 2, 9, 15]}}, {"model": "data_tables.datarow", "pk": 23, "fields": {"table": 8, "classification": 2, "access_attributes": [1, 3, 9, 16]}}, {"model": "data_tables.datarow", "pk": 24, "fields": {"table": 8, "classification": 4, "access_attributes": [1, 3, 9, 17]}}, {"model": "data_tables.datarow", "pk": 25, "fields": {"table": 8, "classification": 1, "access_attributes": [1, 9, 19, 20]}}, {"model": "data_tables.datarow", "pk": 26, "fields": {"table": 8, "classification": 2, "access_attributes": [3, 5, 9]}}, {"model": "data_tables.datarow", "pk": 27, "fields": {"table": 8, "classification": 3, "access_attributes": [1, 9, 20, 22]}}, {"model": "data_tables.datarow", "pk": 28, "fields": {"table": 8, "classification": 4, "access_attributes": [9, 10, 23]}}, {"model": "data_tables.datarow", "pk": 29, "fields": {"table": 8, "classification": 2, "access_attributes": [1, 9, 20, 21]}}, {"model": "data_tables.datarow", "pk": 30, "fields": {"table": 8, "classification": 2, "access_attributes": [9, 24, 25, 26]}}, {"model": "data_tables.datarow", "pk": 31, "fields": {"table": 8, "classification": 2, "access_attributes": [2, 3, 9, 12]}}, {"model": "data_tables.datarow", "pk": 32, "fields": {"table": 8, "classification": 3, "access_attributes": [9, 28, 29, 30]}}, {"model": "data_tables.datarow", "pk": 33, "fields": {"table": 8, "classification": 3, "access_attributes": [1, 2, 3, 6, 9, 31]}}, {"model": "data_tables.datarow", "pk": 34, "fields": {"table": 8, "classification": 1, "access_attributes": [1, 9, 24, 32, 33]}}, {"model": "data_tables.datacolumn", "pk": 1, "fields": {"table": 1, "name": "content", "classification": 3, "access_attributes": [1]}}, {"model": "data_tables.datacolumn", "pk": 2, "fields": {"table": 2, "name": "content", "classification": 1, "access_attributes": []}}, {"model": "data_tables.datacolumn", "pk": 3, "fields": {"table": 3, "name": "content", "classification": null, "access_attributes": []}}, {"model": "data_tables.datacolumn", "pk": 4, "fields": {"table": 4, "name": "content", "classification": null, "access_attributes": []}}, {"model": "data_tables.datacolumn", "pk": 5, "fields": {"table": 5, "name": "content", "classification": null, "access_attributes": []}}, {"model": "data_tables.datacolumn", "pk": 6, "fields": {"table": 6, "name": "content", "classification": null, "access_attributes": []}}, {"model": "data_tables.datacolumn", "pk": 7, "fields": {"table": 7, "name": "Temperature", "classification": null, "access_attributes": []}}, {"model": "data_tables.datacolumn", "pk": 8, "fields": {"table": 7, "name": "Rain", "classification": null, "access_attributes": []}}, {"model": "data_tables.datacolumn", "pk": 9, "fields": {"table": 8, "name": "identifier_nfn", "classification": null, "access_attributes": []}}, {"model": "data_tables.datacolumn", "pk": 10, "fields": {"table": 8, "name": "date_created", "classification": null, "access_attributes": []}}, {"model": "data_tables.datacolumn", "pk": 11, "fields": {"table": 8, "name": "country", "classification": null, "access_attributes": []}}, {"model": "data_tables.datacolumn", "pk": 12, "fields": {"table": 8, "name": "agency", "classification": null, "access_attributes": []}}, {"model": "data_tables.datacolumn", "pk": 13, "fields": {"table": 8, "name": "fiscal_year", "classification": null, "access_attributes": []}}, {"model": "data_tables.datacolumn", "pk": 14, "fields": {"table": 8, "name": "project", "classification": null, "access_attributes": []}}, {"model": "data_tables.datacolumn", "pk": 15, "fields": {"table": 8, "name": "background", "classification": null, "access_attributes": []}}, {"model": "data_tables.datacolumn", "pk": 16, "fields": {"table": 8, "name": "office_branch", "classification": null, "access_attributes": []}}, {"model": "data_tables.datacolumn", "pk": 17, "fields": {"table": 8, "name": "organization", "classification": null, "access_attributes": []}}, {"model": "data_tables.datacolumn", "pk": 18, "fields": {"table": 8, "name": "dollar_amount", "classification": null, "access_attributes": []}}, {"model": "data_tables.datacolumn", "pk": 19, "fields": {"table": 8, "name": "category", "classification": null, "access_attributes": []}}, {"model": "data_tables.datacolumn", "pk": 20, "fields": {"table": 8, "name": "justification", "classification": null, "access_attributes": []}}, {"model": "data_tables.datacolumn", "pk": 21, "fields": {"table": 8, "name": "financial_statement_title", "classification": null, "access_attributes": []}}, {"model": "data_tables.datacolumn", "pk": 22, "fields": {"table": 8, "name": "financial_workflow", "classification": null, "access_attributes": []}}, {"model": "data_tables.datacolumn", "pk": 23, "fields": {"table": 8, "name": "financial_form", "classification": null, "access_attributes": []}}, {"model": "data_tables.datacolumn", "pk": 24, "fields": {"table": 8, "name": "comments", "classification": null, "access_attributes": []}}, {"model": "data_tables.datacolumn", "pk": 25, "fields": {"table": 8, "name": "recent_activity", "classification": null, "access_attributes": []}}, {"model": "data_tables.datacell", "pk": 1, "fields": {"row": 1, "column": 1, "data": "Mission Objective", "classification": 1, "access_attributes": [1, 4]}}, {"model": "data_tables.datacell", "pk": 2, "fields": {"row": 2, "column": 1, "data": "Enemy Threat Analysis", "classification": 1, "access_attributes": [2, 6]}}, {"model": "data_tables.datacell", "pk": 3, "fields": {"row": 3, "column": 1, "data": "Logistics and Resource Allocation", "classification": 2, "access_attributes": []}}, {"model": "data_tables.datacell", "pk": 4, "fields": {"row": 4, "column": 1, "data": "Communication Protocols", "classification": 2, "access_attributes": []}}, {"model": "data_tables.datacell", "pk": 5, "fields": {"row": 5, "column": 2, "data": "Security Threat Assessment", "classification": 1, "access_attributes": [2, 5, 7]}}, {"model": "data_tables.datacell", "pk": 6, "fields": {"row": 6, "column": 2, "data": "National Security Implications", "classification": 1, "access_attributes": [2, 4]}}, {"model": "data_tables.datacell", "pk": 7, "fields": {"row": 7, "column": 4, "data": "Operational Plan Overview", "classification": 1, "access_attributes": []}}, {"model": "data_tables.datacell", "pk": 8, "fields": {"row": 8, "column": 3, "data": "Vessel Tracking and Identification", "classification": 2, "access_attributes": []}}, {"model": "data_tables.datacell", "pk": 9, "fields": {"row": 9, "column": 3, "data": "Current Naval Deployment Overview", "classification": 2, "access_attributes": []}}, {"model": "data_tables.datacell", "pk": 10, "fields": {"row": 10, "column": 3, "data": "Analysis of Enemy Naval Capabilities", "classification": 3, "access_attributes": []}}, {"model": "data_tables.datacell", "pk": 11, "fields": {"row": 11, "column": 4, "data": "La La Land is a romantic musical comedy-drama film directed by Damien Chazelle and starring Emma Stone and Ryan Gosling.", "classification": 4, "access_attributes": []}}, {"model": "data_tables.datacell", "pk": 12, "fields": {"row": 12, "column": 4, "data": "The movie tells the story of Mia, an aspiring actress, and Sebastian, a jazz pianist, who fall in love while pursuing their dreams in Los Angeles.", "classification": 4, "access_attributes": []}}, {"model": "data_tables.datacell", "pk": 13, "fields": {"row": 13, "column": 4, "data": "The movie features beautiful cinematography, catchy songs, and impressive dance numbers that pay tribute to classic Hollywood musicals.", "classification": 4, "access_attributes": []}}, {"model": "data_tables.datacell", "pk": 14, "fields": {"row": 14, "column": 4, "data": "Emma Stone and Ryan Gosling deliver strong performances, and their chemistry on-screen is undeniable.", "classification": 4, "access_attributes": []}}, {"model": "data_tables.datacell", "pk": 15, "fields": {"row": 15, "column": 4, "data": "La La Land is a charming and entertaining movie that is sure to leave you with a smile on your face.", "classification": 4, "access_attributes": []}}, {"model": "data_tables.datacell", "pk": 16, "fields": {"row": 16, "column": 5, "data": "this is ntk1 data", "classification": null, "access_attributes": []}}, {"model": "data_tables.datacell", "pk": 17, "fields": {"row": 17, "column": 6, "data": "this is ntk1 + ntk2 data", "classification": null, "access_attributes": []}}, {"model": "data_tables.datacell", "pk": 18, "fields": {"row": 18, "column": 7, "data": "72°F", "classification": null, "access_attributes": []}}, {"model": "data_tables.datacell", "pk": 19, "fields": {"row": 18, "column": 8, "data": "15%", "classification": null, "access_attributes": []}}, {"model": "data_tables.datacell", "pk": 20, "fields": {"row": 19, "column": 7, "data": "109°F", "classification": null, "access_attributes": []}}, {"model": "data_tables.datacell", "pk": 21, "fields": {"row": 19, "column": 8, "data": "0%", "classification": null, "access_attributes": []}}, {"model": "data_tables.datacell", "pk": 22, "fields": {"row": 20, "column": 9, "data": "999990", "classification": null, "access_attributes": []}}, {"model": "data_tables.datacell", "pk": 23, "fields": {"row": 20, "column": 10, "data": "2-Jan-22", "classification": null, "access_attributes": [10]}}, {"model": "data_tables.datacell", "pk": 24, "fields": {"row": 20, "column": 11, "data": "USA", "classification": null, "access_attributes": [8]}}, {"model": "data_tables.datacell", "pk": 25, "fields": {"row": 20, "column": 12, "data": "DIA", "classification": null, "access_attributes": [4]}}, {"model": "data_tables.datacell", "pk": 26, "fields": {"row": 20, "column": 13, "data": "2022", "classification": null, "access_attributes": [8]}}, {"model": "data_tables.datacell", "pk": 27, "fields": {"row": 20, "column": 14, "data": "Farm", "classification": null, "access_attributes": [4]}}, {"model": "data_tables.datacell", "pk": 28, "fields": {"row": 20, "column": 15, "data": "Food raise animals to eat", "classification": null, "access_attributes": [8]}}, {"model": "data_tables.datacell", "pk": 29, "fields": {"row": 20, "column": 16, "data": "A2345", "classification": null, "access_attributes": [6]}}, {"model": "data_tables.datacell", "pk": 30, "fields": {"row": 20, "column": 17, "data": "Acquisition", "classification": null, "access_attributes": [6]}}, {"model": "data_tables.datacell", "pk": 31, "fields": {"row": 20, "column": 18, "data": "$1,234", "classification": null, "access_attributes": [4]}}, {"model": "data_tables.datacell", "pk": 32, "fields": {"row": 20, "column": 19, "data": "XYZ", "classification": null, "access_attributes": [11]}}, {"model": "data_tables.datacell", "pk": 33, "fields": {"row": 20, "column": 20, "data": "We are hungry", "classification": null, "access_attributes": [8]}}, {"model": "data_tables.datacell", "pk": 34, "fields": {"row": 20, "column": 21, "data": "Farm 2022 is a $1234 multi year project in year 2", "classification": null, "access_attributes": [8]}}, {"model": "data_tables.datacell", "pk": 35, "fields": {"row": 20, "column": 22, "data": "Step 1", "classification": null, "access_attributes": [8]}}, {"model": "data_tables.datacell", "pk": 36, "fields": {"row": 20, "column": 23, "data": "US-1234", "classification": null, "access_attributes": [8]}}, {"model": "data_tables.datacell", "pk": 37, "fields": {"row": 20, "column": 24, "data": "Farms is the top project of many.", "classification": null, "access_attributes": [4]}}, {"model": "data_tables.datacell", "pk": 38, "fields": {"row": 20, "column": 25, "data": "Jan 2022 kick off meeting. | Jun 2022 demo provide 2nd allotment for the year", "classification": null, "access_attributes": [10]}}, {"model": "data_tables.datacell", "pk": 39, "fields": {"row": 21, "column": 9, "data": "999991", "classification": null, "access_attributes": []}}, {"model": "data_tables.datacell", "pk": 40, "fields": {"row": 21, "column": 10, "data": "1-Jan-23", "classification": null, "access_attributes": [10]}}, {"model": "data_tables.datacell", "pk": 41, "fields": {"row": 21, "column": 11, "data": "USA", "classification": null, "access_attributes": [5]}}, {"model": "data_tables.datacell", "pk": 42, "fields": {"row": 21, "column": 12, "data": "DIA", "classification": null, "access_attributes": [5]}}, {"model": "data_tables.datacell", "pk": 43, "fields": {"row": 21, "column": 13, "data": "2023", "classification": null, "access_attributes": [5]}}, {"model": "data_tables.datacell", "pk": 44, "fields": {"row": 21, "column": 14, "data": "Zoo", "classification": null, "access_attributes": [13]}}, {"model": "data_tables.datacell", "pk": 45, "fields": {"row": 21, "column": 15, "data": "Animal Friends to visit", "classification": null, "access_attributes": [5]}}, {"model": "data_tables.datacell", "pk": 46, "fields": {"row": 21, "column": 16, "data": "B345", "classification": null, "access_attributes": [5]}}, {"model": "data_tables.datacell", "pk": 47, "fields": {"row": 21, "column": 17, "data": "HR", "classification": null, "access_attributes": [5]}}, {"model": "data_tables.datacell", "pk": 48, "fields": {"row": 21, "column": 18, "data": "$4,567", "classification": null, "access_attributes": [14]}}, {"model": "data_tables.datacell", "pk": 49, "fields": {"row": 21, "column": 19, "data": "ABC", "classification": null, "access_attributes": [14]}}, {"model": "data_tables.datacell", "pk": 50, "fields": {"row": 21, "column": 20, "data": "Be kind to animals", "classification": null, "access_attributes": [14]}}, {"model": "data_tables.datacell", "pk": 51, "fields": {"row": 21, "column": 21, "data": "Zoo 2023 is a $4567 multi year project in year 1.", "classification": null, "access_attributes": [14]}}, {"model": "data_tables.datacell", "pk": 52, "fields": {"row": 21, "column": 22, "data": "Step 5", "classification": null, "access_attributes": [5]}}, {"model": "data_tables.datacell", "pk": 53, "fields": {"row": 21, "column": 23, "data": "US-4567", "classification": null, "access_attributes": [5]}}, {"model": "data_tables.datacell", "pk": 54, "fields": {"row": 21, "column": 24, "data": "Zoo is the main project with subprojects.", "classification": null, "access_attributes": [5]}}, {"model": "data_tables.datacell", "pk": 55, "fields": {"row": 21, "column": 25, "data": "Feb 2023 kickoff meeting", "classification": null, "access_attributes": [5]}}, {"model": "data_tables.datacell", "pk": 56, "fields": {"row": 22, "column": 9, "data": "999992", "classification": null, "access_attributes": []}}, {"model": "data_tables.datacell", "pk": 57, "fields": {"row": 22, "column": 10, "data": "3-Jan-22", "classification": null, "access_attributes": [10]}}, {"model": "data_tables.datacell", "pk": 58, "fields": {"row": 22, "column": 11, "data": "USA", "classification": null, "access_attributes": [6]}}, {"model": "data_tables.datacell", "pk": 59, "fields": {"row": 22, "column": 12, "data": "DIA", "classification": null, "access_attributes": [6]}}, {"model": "data_tables.datacell", "pk": 60, "fields": {"row": 22, "column": 13, "data": "2022", "classification": null, "access_attributes": [6]}}, {"model": "data_tables.datacell", "pk": 61, "fields": {"row": 22, "column": 14, "data": "cow", "classification": null, "access_attributes": [15]}}, {"model": "data_tables.datacell", "pk": 62, "fields": {"row": 22, "column": 15, "data": "Steaks and burgers", "classification": null, "access_attributes": [6]}}, {"model": "data_tables.datacell", "pk": 63, "fields": {"row": 22, "column": 16, "data": "A345", "classification": null, "access_attributes": [6]}}, {"model": "data_tables.datacell", "pk": 64, "fields": {"row": 22, "column": 17, "data": "Buyers", "classification": null, "access_attributes": [6]}}, {"model": "data_tables.datacell", "pk": 65, "fields": {"row": 22, "column": 18, "data": "$5,678", "classification": null, "access_attributes": [15]}}, {"model": "data_tables.datacell", "pk": 66, "fields": {"row": 22, "column": 19, "data": "XYZ", "classification": null, "access_attributes": [6]}}, {"model": "data_tables.datacell", "pk": 67, "fields": {"row": 22, "column": 20, "data": "We love steak", "classification": null, "access_attributes": [6]}}, {"model": "data_tables.datacell", "pk": 68, "fields": {"row": 22, "column": 21, "data": "Cow 2022 is a $5678 multi year project under Farm in year 2 of 2.", "classification": null, "access_attributes": [6]}}, {"model": "data_tables.datacell", "pk": 69, "fields": {"row": 22, "column": 22, "data": "STEP 2", "classification": null, "access_attributes": [5]}}, {"model": "data_tables.datacell", "pk": 70, "fields": {"row": 22, "column": 23, "data": "US-1234", "classification": null, "access_attributes": [6]}}, {"model": "data_tables.datacell", "pk": 71, "fields": {"row": 22, "column": 24, "data": "Cow is a subproject of Farm", "classification": null, "access_attributes": [6]}}, {"model": "data_tables.datacell", "pk": 72, "fields": {"row": 22, "column": 25, "data": "March 2022 define requirements", "classification": null, "access_attributes": [15]}}, {"model": "data_tables.datacell", "pk": 73, "fields": {"row": 23, "column": 9, "data": "999993", "classification": null, "access_attributes": []}}, {"model": "data_tables.datacell", "pk": 74, "fields": {"row": 23, "column": 10, "data": "2-Feb-23", "classification": null, "access_attributes": [10]}}, {"model": "data_tables.datacell", "pk": 75, "fields": {"row": 23, "column": 11, "data": "USA", "classification": null, "access_attributes": [5]}}, {"model": "data_tables.datacell", "pk": 76, "fields": {"row": 23, "column": 12, "data": "DIA", "classification": null, "access_attributes": [5]}}, {"model": "data_tables.datacell", "pk": 77, "fields": {"row": 23, "column": 13, "data": "2023", "classification": null, "access_attributes": [5]}}, {"model": "data_tables.datacell", "pk": 78, "fields": {"row": 23, "column": 14, "data": "hippopotumus", "classification": null, "access_attributes": [13]}}, {"model": "data_tables.datacell", "pk": 79, "fields": {"row": 23, "column": 15, "data": "Peachs the Hippo", "classification": null, "access_attributes": [5]}}, {"model": "data_tables.datacell", "pk": 80, "fields": {"row": 23, "column": 16, "data": "B3451", "classification": null, "access_attributes": [5]}}, {"model": "data_tables.datacell", "pk": 81, "fields": {"row": 23, "column": 17, "data": "Benefits", "classification": null, "access_attributes": [5]}}, {"model": "data_tables.datacell", "pk": 82, "fields": {"row": 23, "column": 18, "data": "$7,890", "classification": null, "access_attributes": [14]}}, {"model": "data_tables.datacell", "pk": 83, "fields": {"row": 23, "column": 19, "data": "ABC", "classification": null, "access_attributes": [5]}}, {"model": "data_tables.datacell", "pk": 84, "fields": {"row": 23, "column": 20, "data": "Be kind to animals", "classification": null, "access_attributes": [5]}}, {"model": "data_tables.datacell", "pk": 85, "fields": {"row": 23, "column": 21, "data": "Hippopotumus  2023 is a $4890 multi year project in year 1.", "classification": null, "access_attributes": [5]}}, {"model": "data_tables.datacell", "pk": 86, "fields": {"row": 23, "column": 22, "data": "Step 3", "classification": null, "access_attributes": [5]}}, {"model": "data_tables.datacell", "pk": 87, "fields": {"row": 23, "column": 23, "data": "US-4567", "classification": null, "access_attributes": [5]}}, {"model": "data_tables.datacell", "pk": 88, "fields": {"row": 23, "column": 24, "data": "Hippopotumus is a subproject of zoo.", "classification": null, "access_attributes": [5]}}, {"model": "data_tables.datacell", "pk": 89, "fields": {"row": 23, "column": 25, "data": "Feb 2023 kickoff meeting", "classification": null, "access_attributes": [5]}}, {"model": "data_tables.datacell", "pk": 90, "fields": {"row": 24, "column": 9, "data": "999994", "classification": null, "access_attributes": []}}, {"model": "data_tables.datacell", "pk": 91, "fields": {"row": 24, "column": 10, "data": "1-Mar-23", "classification": null, "access_attributes": [10]}}, {"model": "data_tables.datacell", "pk": 92, "fields": {"row": 24, "column": 11, "data": "USA", "classification": null, "access_attributes": [18]}}, {"model": "data_tables.datacell", "pk": 93, "fields": {"row": 24, "column": 12, "data": "DIA", "classification": null, "access_attributes": [18]}}, {"model": "data_tables.datacell", "pk": 94, "fields": {"row": 24, "column": 13, "data": "2023", "classification": null, "access_attributes": [18]}}, {"model": "data_tables.datacell", "pk": 95, "fields": {"row": 24, "column": 14, "data": "giraffe", "classification": null, "access_attributes": [17]}}, {"model": "data_tables.datacell", "pk": 96, "fields": {"row": 24, "column": 15, "data": "Very tall animals", "classification": null, "access_attributes": [18]}}, {"model": "data_tables.datacell", "pk": 97, "fields": {"row": 24, "column": 16, "data": "B346", "classification": null, "access_attributes": [18]}}, {"model": "data_tables.datacell", "pk": 98, "fields": {"row": 24, "column": 17, "data": "Retirement", "classification": null, "access_attributes": [18]}}, {"model": "data_tables.datacell", "pk": 99, "fields": {"row": 24, "column": 18, "data": "$5,432", "classification": null, "access_attributes": [18]}}, {"model": "data_tables.datacell", "pk": 100, "fields": {"row": 24, "column": 19, "data": "ABC", "classification": null, "access_attributes": [18]}}, {"model": "data_tables.datacell", "pk": 101, "fields": {"row": 24, "column": 20, "data": "Be kind to tall animals", "classification": null, "access_attributes": [18]}}, {"model": "data_tables.datacell", "pk": 102, "fields": {"row": 24, "column": 21, "data": "Giraffe  2023 is a  $4432 multi year project under zoo in year 1.", "classification": null, "access_attributes": [18]}}, {"model": "data_tables.datacell", "pk": 103, "fields": {"row": 24, "column": 22, "data": "Step 2", "classification": null, "access_attributes": [18]}}, {"model": "data_tables.datacell", "pk": 104, "fields": {"row": 24, "column": 23, "data": "US-3456", "classification": null, "access_attributes": [18]}}, {"model": "data_tables.datacell", "pk": 105, "fields": {"row": 24, "column": 24, "data": "Giraffe is a subproject", "classification": null, "access_attributes": [18]}}, {"model": "data_tables.datacell", "pk": 106, "fields": {"row": 24, "column": 25, "data": "March 1, 2023 kickoff meeting", "classification": null, "access_attributes": [18]}}, {"model": "data_tables.datacell", "pk": 107, "fields": {"row": 25, "column": 9, "data": "999995", "classification": null, "access_attributes": []}}, {"model": "data_tables.datacell", "pk": 108, "fields": {"row": 25, "column": 10, "data": "1-Jun-21", "classification": null, "access_attributes": [10]}}, {"model": "data_tables.datacell", "pk": 109, "fields": {"row": 25, "column": 11, "data": "GRB", "classification": null, "access_attributes": [21]}}, {"model": "data_tables.datacell", "pk": 110, "fields": {"row": 25, "column": 12, "data": "DNR", "classification": null, "access_attributes": [10]}}, {"model": "data_tables.datacell", "pk": 111, "fields": {"row": 25, "column": 13, "data": "2021", "classification": null, "access_attributes": [10]}}, {"model": "data_tables.datacell", "pk": 112, "fields": {"row": 25, "column": 14, "data": "Wildlife", "classification": null, "access_attributes": [19]}}, {"model": "data_tables.datacell", "pk": 113, "fields": {"row": 25, "column": 15, "data": "Wildlife needs to be protected", "classification": null, "access_attributes": [10]}}, {"model": "data_tables.datacell", "pk": 114, "fields": {"row": 25, "column": 16, "data": "M586", "classification": null, "access_attributes": [10]}}, {"model": "data_tables.datacell", "pk": 115, "fields": {"row": 25, "column": 17, "data": "Natural Resources", "classification": null, "access_attributes": [10]}}, {"model": "data_tables.datacell", "pk": 116, "fields": {"row": 25, "column": 18, "data": "$900,000", "classification": null, "access_attributes": [21]}}, {"model": "data_tables.datacell", "pk": 117, "fields": {"row": 25, "column": 19, "data": "DNR", "classification": null, "access_attributes": [10]}}, {"model": "data_tables.datacell", "pk": 118, "fields": {"row": 25, "column": 20, "data": "Cover project for many wildlife studies", "classification": null, "access_attributes": [10]}}, {"model": "data_tables.datacell", "pk": 119, "fields": {"row": 25, "column": 21, "data": "Wildlife 2021 project is a $900000 project the comprises other project", "classification": null, "access_attributes": [10]}}, {"model": "data_tables.datacell", "pk": 120, "fields": {"row": 25, "column": 22, "data": "Step 2", "classification": null, "access_attributes": [10]}}, {"model": "data_tables.datacell", "pk": 121, "fields": {"row": 25, "column": 23, "data": "US-D-435", "classification": null, "access_attributes": [10]}}, {"model": "data_tables.datacell", "pk": 122, "fields": {"row": 25, "column": 24, "data": "Save the animals", "classification": null, "access_attributes": [10]}}, {"model": "data_tables.datacell", "pk": 123, "fields": {"row": 25, "column": 25, "data": "jan 3 2023 Demo", "classification": null, "access_attributes": [10]}}, {"model": "data_tables.datacell", "pk": 124, "fields": {"row": 26, "column": 9, "data": "999996", "classification": null, "access_attributes": []}}, {"model": "data_tables.datacell", "pk": 125, "fields": {"row": 26, "column": 10, "data": "1-Oct-21", "classification": null, "access_attributes": [10]}}, {"model": "data_tables.datacell", "pk": 126, "fields": {"row": 26, "column": 11, "data": "USA", "classification": null, "access_attributes": [5]}}, {"model": "data_tables.datacell", "pk": 127, "fields": {"row": 26, "column": 12, "data": "DNR", "classification": null, "access_attributes": [10]}}, {"model": "data_tables.datacell", "pk": 128, "fields": {"row": 26, "column": 13, "data": "2021", "classification": null, "access_attributes": [10]}}, {"model": "data_tables.datacell", "pk": 129, "fields": {"row": 26, "column": 14, "data": "Foxes", "classification": null, "access_attributes": [5]}}, {"model": "data_tables.datacell", "pk": 130, "fields": {"row": 26, "column": 15, "data": "There are many fox species", "classification": null, "access_attributes": [5]}}, {"model": "data_tables.datacell", "pk": 131, "fields": {"row": 26, "column": 16, "data": "DNR99", "classification": null, "access_attributes": [5]}}, {"model": "data_tables.datacell", "pk": 132, "fields": {"row": 26, "column": 17, "data": "Research", "classification": null, "access_attributes": [5]}}, {"model": "data_tables.datacell", "pk": 133, "fields": {"row": 26, "column": 18, "data": "$40,000", "classification": null, "access_attributes": [10]}}, {"model": "data_tables.datacell", "pk": 134, "fields": {"row": 26, "column": 19, "data": "FOX", "classification": null, "access_attributes": [10]}}, {"model": "data_tables.datacell", "pk": 135, "fields": {"row": 26, "column": 20, "data": "Are Foxes a danger to pets.", "classification": null, "access_attributes": [5]}}, {"model": "data_tables.datacell", "pk": 136, "fields": {"row": 26, "column": 21, "data": "Fox projec 2021 is a subproject of wildlife with reseach grant of $40000", "classification": null, "access_attributes": [5]}}, {"model": "data_tables.datacell", "pk": 137, "fields": {"row": 26, "column": 22, "data": "STEP 4", "classification": null, "access_attributes": [5]}}, {"model": "data_tables.datacell", "pk": 138, "fields": {"row": 26, "column": 23, "data": "US-D-435", "classification": null, "access_attributes": [10]}}, {"model": "data_tables.datacell", "pk": 139, "fields": {"row": 26, "column": 24, "data": "Foxes are like little dogs, maybe they can be turned into pets.", "classification": null, "access_attributes": [10]}}, {"model": "data_tables.datacell", "pk": 140, "fields": {"row": 26, "column": 25, "data": "feb2,2023 review", "classification": null, "access_attributes": [10]}}, {"model": "data_tables.datacell", "pk": 141, "fields": {"row": 27, "column": 9, "data": "999997", "classification": null, "access_attributes": []}}, {"model": "data_tables.datacell", "pk": 142, "fields": {"row": 27, "column": 10, "data": "15-Jan-20", "classification": null, "access_attributes": [10]}}, {"model": "data_tables.datacell", "pk": 143, "fields": {"row": 27, "column": 11, "data": "USA", "classification": null, "access_attributes": [10]}}, {"model": "data_tables.datacell", "pk": 144, "fields": {"row": 27, "column": 12, "data": "DNR", "classification": null, "access_attributes": [10]}}, {"model": "data_tables.datacell", "pk": 145, "fields": {"row": 27, "column": 13, "data": "2020", "classification": null, "access_attributes": [10]}}, {"model": "data_tables.datacell", "pk": 146, "fields": {"row": 27, "column": 14, "data": "Rabbits", "classification": null, "access_attributes": [22]}}, {"model": "data_tables.datacell", "pk": 147, "fields": {"row": 27, "column": 15, "data": "Rabbits are a good quick food source", "classification": null, "access_attributes": [10]}}, {"model": "data_tables.datacell", "pk": 148, "fields": {"row": 27, "column": 16, "data": "M332", "classification": null, "access_attributes": [10]}}, {"model": "data_tables.datacell", "pk": 149, "fields": {"row": 27, "column": 17, "data": "Research", "classification": null, "access_attributes": [10]}}, {"model": "data_tables.datacell", "pk": 150, "fields": {"row": 27, "column": 18, "data": "$20,000", "classification": null, "access_attributes": [10]}}, {"model": "data_tables.datacell", "pk": 151, "fields": {"row": 27, "column": 19, "data": "DNR", "classification": null, "access_attributes": [10]}}, {"model": "data_tables.datacell", "pk": 152, "fields": {"row": 27, "column": 20, "data": "Can rabbit be a quick food source", "classification": null, "access_attributes": [10]}}, {"model": "data_tables.datacell", "pk": 153, "fields": {"row": 27, "column": 21, "data": "Rabbit 2020 a subproject of Wildlife is to a $20000 study", "classification": null, "access_attributes": [10]}}, {"model": "data_tables.datacell", "pk": 154, "fields": {"row": 27, "column": 22, "data": "Step 4", "classification": null, "access_attributes": [10]}}, {"model": "data_tables.datacell", "pk": 155, "fields": {"row": 27, "column": 23, "data": "US-789", "classification": null, "access_attributes": [10]}}, {"model": "data_tables.datacell", "pk": 156, "fields": {"row": 27, "column": 24, "data": "Rabbits grow quickly - flemish Giants provide quick growing food source", "classification": null, "access_attributes": [10]}}, {"model": "data_tables.datacell", "pk": 157, "fields": {"row": 27, "column": 25, "data": "Dec 30,2022 extension", "classification": null, "access_attributes": [10]}}, {"model": "data_tables.datacell", "pk": 158, "fields": {"row": 28, "column": 9, "data": "999998", "classification": null, "access_attributes": []}}, {"model": "data_tables.datacell", "pk": 159, "fields": {"row": 28, "column": 10, "data": "5-May-22", "classification": null, "access_attributes": [10]}}, {"model": "data_tables.datacell", "pk": 160, "fields": {"row": 28, "column": 11, "data": "USA", "classification": null, "access_attributes": [10]}}, {"model": "data_tables.datacell", "pk": 161, "fields": {"row": 28, "column": 12, "data": "DNR", "classification": null, "access_attributes": [10]}}, {"model": "data_tables.datacell", "pk": 162, "fields": {"row": 28, "column": 13, "data": "2022", "classification": null, "access_attributes": [10]}}, {"model": "data_tables.datacell", "pk": 163, "fields": {"row": 28, "column": 14, "data": "Bears", "classification": null, "access_attributes": [10]}}, {"model": "data_tables.datacell", "pk": 164, "fields": {"row": 28, "column": 15, "data": "Bears are not finding enough food with loss of habitate", "classification": null, "access_attributes": [10]}}, {"model": "data_tables.datacell", "pk": 165, "fields": {"row": 28, "column": 16, "data": "B34R", "classification": null, "access_attributes": [10]}}, {"model": "data_tables.datacell", "pk": 166, "fields": {"row": 28, "column": 17, "data": "Research", "classification": null, "access_attributes": [10]}}, {"model": "data_tables.datacell", "pk": 167, "fields": {"row": 28, "column": 18, "data": "$88,888", "classification": null, "access_attributes": [10]}}, {"model": "data_tables.datacell", "pk": 168, "fields": {"row": 28, "column": 19, "data": "Animals", "classification": null, "access_attributes": [10]}}, {"model": "data_tables.datacell", "pk": 169, "fields": {"row": 28, "column": 20, "data": "Would bears make good pets, they are starving in the wild.", "classification": null, "access_attributes": [10]}}, {"model": "data_tables.datacell", "pk": 170, "fields": {"row": 28, "column": 21, "data": "Bears a $88888 a 2022 project to determine if bears would rather be domesticated vs starving in the wild.", "classification": null, "access_attributes": [10]}}, {"model": "data_tables.datacell", "pk": 171, "fields": {"row": 28, "column": 22, "data": "Step 3", "classification": null, "access_attributes": [10]}}, {"model": "data_tables.datacell", "pk": 172, "fields": {"row": 28, "column": 23, "data": "US07646", "classification": null, "access_attributes": [10]}}, {"model": "data_tables.datacell", "pk": 173, "fields": {"row": 28, "column": 24, "data": "Bears are just big old teddy bears", "classification": null, "access_attributes": [10]}}, {"model": "data_tables.datacell", "pk": 174, "fields": {"row": 28, "column": 25, "data": "Jan 2, 2023 review", "classification": null, "access_attributes": [10]}}, {"model": "data_tables.datacell", "pk": 175, "fields": {"row": 29, "column": 9, "data": "999999", "classification": null, "access_attributes": []}}, {"model": "data_tables.datacell", "pk": 176, "fields": {"row": 29, "column": 10, "data": "1-Jun-20", "classification": null, "access_attributes": [5]}}, {"model": "data_tables.datacell", "pk": 177, "fields": {"row": 29, "column": 11, "data": "GRB", "classification": null, "access_attributes": [22]}}, {"model": "data_tables.datacell", "pk": 178, "fields": {"row": 29, "column": 12, "data": "DNR", "classification": null, "access_attributes": [22]}}, {"model": "data_tables.datacell", "pk": 179, "fields": {"row": 29, "column": 13, "data": "2020", "classification": null, "access_attributes": [10]}}, {"model": "data_tables.datacell", "pk": 180, "fields": {"row": 29, "column": 14, "data": "Fish", "classification": null, "access_attributes": [21]}}, {"model": "data_tables.datacell", "pk": 181, "fields": {"row": 29, "column": 15, "data": "Fish can be ap great protein source", "classification": null, "access_attributes": [10]}}, {"model": "data_tables.datacell", "pk": 182, "fields": {"row": 29, "column": 16, "data": "M678", "classification": null, "access_attributes": [10]}}, {"model": "data_tables.datacell", "pk": 183, "fields": {"row": 29, "column": 17, "data": "Research", "classification": null, "access_attributes": [10]}}, {"model": "data_tables.datacell", "pk": 184, "fields": {"row": 29, "column": 18, "data": "$200,000", "classification": null, "access_attributes": [21]}}, {"model": "data_tables.datacell", "pk": 185, "fields": {"row": 29, "column": 19, "data": "FISH", "classification": null, "access_attributes": [21]}}, {"model": "data_tables.datacell", "pk": 186, "fields": {"row": 29, "column": 20, "data": "Are our fish in lakes healthy", "classification": null, "access_attributes": [21]}}, {"model": "data_tables.datacell", "pk": 187, "fields": {"row": 29, "column": 21, "data": "Fish the top project of $200000 over Trout and striped bass to detemine if our lake fish are healthy for people to eat.", "classification": null, "access_attributes": [21]}}, {"model": "data_tables.datacell", "pk": 188, "fields": {"row": 29, "column": 22, "data": "Step 1", "classification": null, "access_attributes": [21]}}, {"model": "data_tables.datacell", "pk": 189, "fields": {"row": 29, "column": 23, "data": "US-F-101", "classification": null, "access_attributes": [10]}}, {"model": "data_tables.datacell", "pk": 190, "fields": {"row": 29, "column": 24, "data": "Do we really want to eat our fish friends.", "classification": null, "access_attributes": [10]}}, {"model": "data_tables.datacell", "pk": 191, "fields": {"row": 29, "column": 25, "data": "July 1, 2022 Project review", "classification": null, "access_attributes": [10]}}, {"model": "data_tables.datacell", "pk": 192, "fields": {"row": 30, "column": 9, "data": "1000000", "classification": null, "access_attributes": []}}, {"model": "data_tables.datacell", "pk": 193, "fields": {"row": 30, "column": 10, "data": "8-Jan-22", "classification": null, "access_attributes": [10]}}, {"model": "data_tables.datacell", "pk": 194, "fields": {"row": 30, "column": 11, "data": "CAN", "classification": null, "access_attributes": [27]}}, {"model": "data_tables.datacell", "pk": 195, "fields": {"row": 30, "column": 12, "data": "DNR", "classification": null, "access_attributes": [27]}}, {"model": "data_tables.datacell", "pk": 196, "fields": {"row": 30, "column": 13, "data": "2022", "classification": null, "access_attributes": [27]}}, {"model": "data_tables.datacell", "pk": 197, "fields": {"row": 30, "column": 14, "data": "Trout", "classification": null, "access_attributes": [25]}}, {"model": "data_tables.datacell", "pk": 198, "fields": {"row": 30, "column": 15, "data": "Trout are delicpwdious", "classification": null, "access_attributes": [10]}}, {"model": "data_tables.datacell", "pk": 199, "fields": {"row": 30, "column": 16, "data": "A-357", "classification": null, "access_attributes": [10]}}, {"model": "data_tables.datacell", "pk": 200, "fields": {"row": 30, "column": 17, "data": "Research", "classification": null, "access_attributes": [27]}}, {"model": "data_tables.datacell", "pk": 201, "fields": {"row": 30, "column": 18, "data": "$50,000", "classification": null, "access_attributes": [27]}}, {"model": "data_tables.datacell", "pk": 202, "fields": {"row": 30, "column": 19, "data": "Swim", "classification": null, "access_attributes": [27]}}, {"model": "data_tables.datacell", "pk": 203, "fields": {"row": 30, "column": 20, "data": "How are our border trout surviving.", "classification": null, "access_attributes": [27]}}, {"model": "data_tables.datacell", "pk": 204, "fields": {"row": 30, "column": 21, "data": "Trout a $50000 subproject of FISH is a multi year contract", "classification": null, "access_attributes": [27]}}, {"model": "data_tables.datacell", "pk": 205, "fields": {"row": 30, "column": 22, "data": "Step 2b", "classification": null, "access_attributes": [10]}}, {"model": "data_tables.datacell", "pk": 206, "fields": {"row": 30, "column": 23, "data": "US-C-90", "classification": null, "access_attributes": [10]}}, {"model": "data_tables.datacell", "pk": 207, "fields": {"row": 30, "column": 24, "data": "Are Canadian trout as tasty as  USA trout?", "classification": null, "access_attributes": [10]}}, {"model": "data_tables.datacell", "pk": 208, "fields": {"row": 30, "column": 25, "data": "Jan 1, 2024 Project update", "classification": null, "access_attributes": [10]}}, {"model": "data_tables.datacell", "pk": 209, "fields": {"row": 31, "column": 9, "data": "1000001", "classification": null, "access_attributes": []}}, {"model": "data_tables.datacell", "pk": 210, "fields": {"row": 31, "column": 10, "data": "9-Jan-21", "classification": null, "access_attributes": [10]}}, {"model": "data_tables.datacell", "pk": 211, "fields": {"row": 31, "column": 11, "data": "USA", "classification": null, "access_attributes": [6]}}, {"model": "data_tables.datacell", "pk": 212, "fields": {"row": 31, "column": 12, "data": "DNR", "classification": null, "access_attributes": [6]}}, {"model": "data_tables.datacell", "pk": 213, "fields": {"row": 31, "column": 13, "data": "2021", "classification": null, "access_attributes": [6]}}, {"model": "data_tables.datacell", "pk": 214, "fields": {"row": 31, "column": 14, "data": "StripedBass", "classification": null, "access_attributes": [5]}}, {"model": "data_tables.datacell", "pk": 215, "fields": {"row": 31, "column": 15, "data": "Are StripedBass and Rockfish are they the same?", "classification": null, "access_attributes": [6]}}, {"model": "data_tables.datacell", "pk": 216, "fields": {"row": 31, "column": 16, "data": "DNR85", "classification": null, "access_attributes": [6]}}, {"model": "data_tables.datacell", "pk": 217, "fields": {"row": 31, "column": 17, "data": "Research", "classification": null, "access_attributes": [6]}}, {"model": "data_tables.datacell", "pk": 218, "fields": {"row": 31, "column": 18, "data": "$75,000", "classification": null, "access_attributes": [6]}}, {"model": "data_tables.datacell", "pk": 219, "fields": {"row": 31, "column": 19, "data": "Fish", "classification": null, "access_attributes": [6]}}, {"model": "data_tables.datacell", "pk": 220, "fields": {"row": 31, "column": 20, "data": "Are our lakes clean enough to eat the fish.", "classification": null, "access_attributes": [6]}}, {"model": "data_tables.datacell", "pk": 221, "fields": {"row": 31, "column": 21, "data": "Striped Bass Project is a 2 year $75000 project to check the quality of fish in out lakes for eating.", "classification": null, "access_attributes": [6]}}, {"model": "data_tables.datacell", "pk": 222, "fields": {"row": 31, "column": 22, "data": "Step 3", "classification": null, "access_attributes": [6]}}, {"model": "data_tables.datacell", "pk": 223, "fields": {"row": 31, "column": 23, "data": "US-ST-87", "classification": null, "access_attributes": [6]}}, {"model": "data_tables.datacell", "pk": 224, "fields": {"row": 31, "column": 24, "data": "Are Striped bass safe to eat in lakes", "classification": null, "access_attributes": [6]}}, {"model": "data_tables.datacell", "pk": 225, "fields": {"row": 31, "column": 25, "data": "Dec 2022, project update", "classification": null, "access_attributes": [6]}}, {"model": "data_tables.datacell", "pk": 226, "fields": {"row": 32, "column": 9, "data": "1000002", "classification": null, "access_attributes": []}}, {"model": "data_tables.datacell", "pk": 227, "fields": {"row": 32, "column": 10, "data": "8-Oct-20", "classification": null, "access_attributes": [10]}}, {"model": "data_tables.datacell", "pk": 228, "fields": {"row": 32, "column": 11, "data": "NZL", "classification": null, "access_attributes": [29]}}, {"model": "data_tables.datacell", "pk": 229, "fields": {"row": 32, "column": 12, "data": "DNR", "classification": null, "access_attributes": [29]}}, {"model": "data_tables.datacell", "pk": 230, "fields": {"row": 32, "column": 13, "data": "2020", "classification": null, "access_attributes": [29]}}, {"model": "data_tables.datacell", "pk": 231, "fields": {"row": 32, "column": 14, "data": "Eel", "classification": null, "access_attributes": [29]}}, {"model": "data_tables.datacell", "pk": 232, "fields": {"row": 32, "column": 15, "data": "watersnakes", "classification": null, "access_attributes": [29]}}, {"model": "data_tables.datacell", "pk": 233, "fields": {"row": 32, "column": 16, "data": "DNR88", "classification": null, "access_attributes": [29]}}, {"model": "data_tables.datacell", "pk": 234, "fields": {"row": 32, "column": 17, "data": "Research", "classification": null, "access_attributes": [29]}}, {"model": "data_tables.datacell", "pk": 235, "fields": {"row": 32, "column": 18, "data": "$10,000", "classification": null, "access_attributes": [29]}}, {"model": "data_tables.datacell", "pk": 236, "fields": {"row": 32, "column": 19, "data": "Fish", "classification": null, "access_attributes": [29]}}, {"model": "data_tables.datacell", "pk": 237, "fields": {"row": 32, "column": 20, "data": "More food to eat.", "classification": null, "access_attributes": [29]}}, {"model": "data_tables.datacell", "pk": 238, "fields": {"row": 32, "column": 21, "data": "$10000 Eel project to determine if they are delicous", "classification": null, "access_attributes": [29]}}, {"model": "data_tables.datacell", "pk": 239, "fields": {"row": 32, "column": 22, "data": "Step 5", "classification": null, "access_attributes": [29]}}, {"model": "data_tables.datacell", "pk": 240, "fields": {"row": 32, "column": 23, "data": "US-DNR85", "classification": null, "access_attributes": [29]}}, {"model": "data_tables.datacell", "pk": 241, "fields": {"row": 32, "column": 24, "data": "Eels are gross.", "classification": null, "access_attributes": [29]}}, {"model": "data_tables.datacell", "pk": 242, "fields": {"row": 32, "column": 25, "data": "Dec 30, 2022 final presentation", "classification": null, "access_attributes": [29]}}, {"model": "data_tables.datacell", "pk": 243, "fields": {"row": 33, "column": 9, "data": "1000004", "classification": null, "access_attributes": []}}, {"model": "data_tables.datacell", "pk": 244, "fields": {"row": 33, "column": 10, "data": "9-Jan-22", "classification": null, "access_attributes": [10]}}, {"model": "data_tables.datacell", "pk": 245, "fields": {"row": 33, "column": 11, "data": "USA", "classification": null, "access_attributes": [10]}}, {"model": "data_tables.datacell", "pk": 246, "fields": {"row": 33, "column": 12, "data": "DNR", "classification": null, "access_attributes": [10]}}, {"model": "data_tables.datacell", "pk": 247, "fields": {"row": 33, "column": 13, "data": "2022", "classification": null, "access_attributes": [10]}}, {"model": "data_tables.datacell", "pk": 248, "fields": {"row": 33, "column": 14, "data": "Moose", "classification": null, "access_attributes": [6]}}, {"model": "data_tables.datacell", "pk": 249, "fields": {"row": 33, "column": 15, "data": "Bullwinkle was a moose", "classification": null, "access_attributes": [10]}}, {"model": "data_tables.datacell", "pk": 250, "fields": {"row": 33, "column": 16, "data": "R887", "classification": null, "access_attributes": [6]}}, {"model": "data_tables.datacell", "pk": 251, "fields": {"row": 33, "column": 17, "data": "Research", "classification": null, "access_attributes": [31]}}, {"model": "data_tables.datacell", "pk": 252, "fields": {"row": 33, "column": 18, "data": "$50,000", "classification": null, "access_attributes": [10]}}, {"model": "data_tables.datacell", "pk": 253, "fields": {"row": 33, "column": 19, "data": "FIN", "classification": null, "access_attributes": [10]}}, {"model": "data_tables.datacell", "pk": 254, "fields": {"row": 33, "column": 20, "data": "Are moose endangered.", "classification": null, "access_attributes": [6, 31]}}, {"model": "data_tables.datacell", "pk": 255, "fields": {"row": 33, "column": 21, "data": "Moose a $50,000 project to count moose.", "classification": null, "access_attributes": [6, 31]}}, {"model": "data_tables.datacell", "pk": 256, "fields": {"row": 33, "column": 22, "data": "Step 5", "classification": null, "access_attributes": [10]}}, {"model": "data_tables.datacell", "pk": 257, "fields": {"row": 33, "column": 23, "data": "US-D-435", "classification": null, "access_attributes": [10]}}, {"model": "data_tables.datacell", "pk": 258, "fields": {"row": 33, "column": 24, "data": "The thought is there are plenty of moose", "classification": null, "access_attributes": [6, 31]}}, {"model": "data_tables.datacell", "pk": 259, "fields": {"row": 33, "column": 25, "data": "Feb 1, 2022 kickoff", "classification": null, "access_attributes": [6, 31]}}, {"model": "data_tables.datacell", "pk": 260, "fields": {"row": 34, "column": 9, "data": "1000005", "classification": null, "access_attributes": []}}, {"model": "data_tables.datacell", "pk": 261, "fields": {"row": 34, "column": 10, "data": "1-Jul-20", "classification": null, "access_attributes": [10]}}, {"model": "data_tables.datacell", "pk": 262, "fields": {"row": 34, "column": 11, "data": "AUS", "classification": null, "access_attributes": [34]}}, {"model": "data_tables.datacell", "pk": 263, "fields": {"row": 34, "column": 12, "data": "DNR", "classification": null, "access_attributes": [34]}}, {"model": "data_tables.datacell", "pk": 264, "fields": {"row": 34, "column": 13, "data": "2020", "classification": null, "access_attributes": [34]}}, {"model": "data_tables.datacell", "pk": 265, "fields": {"row": 34, "column": 14, "data": "Shark", "classification": null, "access_attributes": [35]}}, {"model": "data_tables.datacell", "pk": 266, "fields": {"row": 34, "column": 15, "data": "Sharks are scary", "classification": null, "access_attributes": [35]}}, {"model": "data_tables.datacell", "pk": 267, "fields": {"row": 34, "column": 16, "data": "R722", "classification": null, "access_attributes": [34]}}, {"model": "data_tables.datacell", "pk": 268, "fields": {"row": 34, "column": 17, "data": "Research", "classification": null, "access_attributes": [35]}}, {"model": "data_tables.datacell", "pk": 269, "fields": {"row": 34, "column": 18, "data": "$222,200", "classification": null, "access_attributes": [35]}}, {"model": "data_tables.datacell", "pk": 270, "fields": {"row": 34, "column": 19, "data": "NML", "classification": null, "access_attributes": [34]}}, {"model": "data_tables.datacell", "pk": 271, "fields": {"row": 34, "column": 20, "data": "Cannot eat sharks unless it is safe.", "classification": null, "access_attributes": [34]}}, {"model": "data_tables.datacell", "pk": 272, "fields": {"row": 34, "column": 21, "data": "Shark project - 2020 Are forever chemicals in Sharks - $222200 multi year project.", "classification": null, "access_attributes": [34]}}, {"model": "data_tables.datacell", "pk": 273, "fields": {"row": 34, "column": 22, "data": "Final Step", "classification": null, "access_attributes": [34]}}, {"model": "data_tables.datacell", "pk": 274, "fields": {"row": 34, "column": 23, "data": "US-DNR-87", "classification": null, "access_attributes": [34]}}, {"model": "data_tables.datacell", "pk": 275, "fields": {"row": 34, "column": 24, "data": "Are Sharks good for eatting", "classification": null, "access_attributes": [34]}}, {"model": "data_tables.datacell", "pk": 276, "fields": {"row": 34, "column": 25, "data": "Jan 20,2023 Review", "classification": null, "access_attributes": [34]}}, {"model": "users.user", "pk": 1, "fields": {"password": "pbkdf2_sha256$600000$UAeLK1SFdRW7PJ4JNCay4p$o27U4mdKrhp0W+oUwBanDapjOqcZH4/+j4C3YOhiZsg=", "last_login": "2023-05-10T22:50:10.324Z", "is_superuser": true, "username": "admin", "first_name": "admin", "last_name": "user", "email": "admin@admin.com", "is_staff": true, "is_active": true, "date_joined": "2023-04-27T04:36:29Z", "clearance": 1, "groups": [], "user_permissions": [], "access_attributes": [1]}}, {"model": "users.user", "pk": 2, "fields": {"password": "pbkdf2_sha256$600000$EjIjN2j8EdDdUXIagu6qQv$EYSs1wpzMm1aZLPdutYFUNjyGTcF0D+4RLFGXRb/9us=", "last_login": "2023-05-11T14:01:09.170Z", "is_superuser": false, "username": "ts_user", "first_name": "ts", "last_name": "user", "email": "ts@test.com", "is_staff": false, "is_active": true, "date_joined": "2023-04-27T04:36:29.957Z", "clearance": 1, "groups": [], "user_permissions": [], "access_attributes": []}}, {"model": "users.user", "pk": 3, "fields": {"password": "pbkdf2_sha256$600000$qRBTlvD8Wp2vcglgD97Zvk$Oqigj4fQS9rWt4eXCZgizAaB5Q6GD/mvNMIa9blmFPg=", "last_login": "2023-05-11T14:00:59.683Z", "is_superuser": false, "username": "s_user", "first_name": "s", "last_name": "user", "email": "s@test.com", "is_staff": false, "is_active": true, "date_joined": "2023-04-27T04:36:30.047Z", "clearance": 2, "groups": [], "user_permissions": [], "access_attributes": []}}, {"model": "users.user", "pk": 4, "fields": {"password": "pbkdf2_sha256$600000$HBuB3jakwjWd42quMjqEMP$HxjHr9fiQYaB7qrHqW8gWUw2BNwcG9N7JpB60X9Q/dk=", "last_login": "2023-05-11T14:00:23.549Z", "is_superuser": false, "username": "c_user", "first_name": "c", "last_name": "user", "email": "c@test.com", "is_staff": false, "is_active": true, "date_joined": "2023-04-27T04:36:30.139Z", "clearance": 3, "groups": [], "user_permissions": [], "access_attributes": []}}, {"model": "users.user", "pk": 5, "fields": {"password": "pbkdf2_sha256$600000$omvGxxE6VrmA9jZw8uHEqK$WBQj4rzQAHTMDu6gbWrRVahh0XRDz0BGvhvDwGwSGvs=", "last_login": "2023-05-11T14:01:15.195Z", "is_superuser": false, "username": "u_user", "first_name": "u", "last_name": "user", "email": "u@test.com", "is_staff": false, "is_active": true, "date_joined": "2023-04-27T04:36:30.229Z", "clearance": 4, "groups": [], "user_permissions": [], "access_attributes": []}}, {"model": "users.user", "pk": 6, "fields": {"password": "pbkdf2_sha256$600000$mOq8fdh4SM2Fk2Jilg77fZ$1RuOhurdbxiD5guIg3JBx7jjVIOuQj/cXlr4CFo+HXQ=", "last_login": null, "is_superuser": false, "username": "anon", "first_name": "anon", "last_name": "user", "email": "anon@test.com", "is_staff": false, "is_active": true, "date_joined": "2023-04-27T04:36:30Z", "clearance": null, "groups": [], "user_permissions": [], "access_attributes": []}}, {"model": "users.user", "pk": 7, "fields": {"password": "pbkdf2_sha256$600000$EjIjN2j8EdDdUXIagu6qQv$EYSs1wpzMm1aZLPdutYFUNjyGTcF0D+4RLFGXRb/9us=", "last_login": "2023-05-11T14:00:46.451Z", "is_superuser": false, "username": "sci1_user", "first_name": "sci1userfirst", "last_name": "sci1userlast", "email": "sci1@test.com", "is_staff": false, "is_active": true, "date_joined": "2023-04-27T04:36:29.957Z", "clearance": 1, "groups": [], "user_permissions": [], "access_attributes": [1]}}, {"model": "users.user", "pk": 8, "fields": {"password": "pbkdf2_sha256$600000$EjIjN2j8EdDdUXIagu6qQv$EYSs1wpzMm1aZLPdutYFUNjyGTcF0D+4RLFGXRb/9us=", "last_login": "2023-05-11T14:00:53.363Z", "is_superuser": false, "username": "sci2_user", "first_name": "sci2userfirst", "last_name": "sci2usersecond", "email": "sci2@test.com", "is_staff": false, "is_active": true, "date_joined": "2023-04-27T04:36:29.957Z", "clearance": 1, "groups": [], "user_permissions": [], "access_attributes": [2]}}, {"model": "users.user", "pk": 9, "fields": {"password": "!czYoC3bpCUcr5tmQen879YMrDkW55daLne2XkdgD", "last_login": "2023-05-11T14:00:32.604Z", "is_superuser": false, "username": "ntk1_user", "first_name": "", "last_name": "", "email": "ntk1@test.com", "is_staff": false, "is_active": true, "date_joined": "2023-05-10T22:47:32.626Z", "clearance": 1, "groups": [], "user_permissions": [], "access_attributes": [4]}}, {"model": "users.user", "pk": 10, "fields": {"password": "!57hkMXOJG3qv1p9VxDzWVBTGBctMZtidYew4tV2J", "last_login": "2023-05-11T14:00:14.280Z", "is_superuser": false, "username": "all_user", "first_name": "", "last_name": "", "email": "all@test.com", "is_staff": false, "is_active": true, "date_joined": "2023-05-11T04:36:32.140Z", "clearance": 1, "groups": [], "user_permissions": [], "access_attributes": [1, 2, 3, 4, 5, 6, 7]}}, {"model": "users.user", "pk": 11, "fields": {"password": "!Bb5ly4B8njD359ZUB47QEKUHOOq88iX3Fggin3a5", "last_login": "2023-05-11T14:00:39.554Z", "is_superuser": false, "username": "ntk2_user", "first_name": "", "last_name": "", "email": "ntk2@test.com", "is_staff": false, "is_active": true, "date_joined": "2023-05-11T04:39:39.433Z", "clearance": 1, "groups": [], "user_permissions": [], "access_attributes": [5]}}]