[{"model": "data_tables.classification", "pk": 1, "fields": {"name": "TOPSECRET", "level": 3}}, {"model": "data_tables.classification", "pk": 2, "fields": {"name": "SECRET", "level": 2}}, {"model": "data_tables.classification", "pk": 3, "fields": {"name": "CONFIDENTIAL", "level": 1}}, {"model": "data_tables.classification", "pk": 4, "fields": {"name": "UNCLASSIFIED", "level": 0}}, {"model": "data_tables.accessattribute", "pk": 1, "fields": {"name": "SCI"}}, {"model": "data_tables.datatable", "pk": 1, "fields": {"name": "Operation Plan: Alpha", "classification": 1, "access_attributes": []}}, {"model": "data_tables.datatable", "pk": 2, "fields": {"name": "Top Secret Briefing", "classification": 1, "access_attributes": []}}, {"model": "data_tables.datatable", "pk": 3, "fields": {"name": "Naval Intelligence Report", "classification": 2, "access_attributes": []}}, {"model": "data_tables.datatable", "pk": 4, "fields": {"name": "La La Land Movie Review", "classification": 4, "access_attributes": []}}, {"model": "data_tables.datarow", "pk": 1, "fields": {"table": 1, "classification": null, "access_attributes": []}}, {"model": "data_tables.datarow", "pk": 2, "fields": {"table": 1, "classification": null, "access_attributes": []}}, {"model": "data_tables.datarow", "pk": 3, "fields": {"table": 1, "classification": null, "access_attributes": []}}, {"model": "data_tables.datarow", "pk": 4, "fields": {"table": 1, "classification": null, "access_attributes": []}}, {"model": "data_tables.datarow", "pk": 5, "fields": {"table": 2, "classification": null, "access_attributes": []}}, {"model": "data_tables.datarow", "pk": 6, "fields": {"table": 2, "classification": null, "access_attributes": []}}, {"model": "data_tables.datarow", "pk": 7, "fields": {"table": 2, "classification": null, "access_attributes": []}}, {"model": "data_tables.datarow", "pk": 8, "fields": {"table": 3, "classification": null, "access_attributes": []}}, {"model": "data_tables.datarow", "pk": 9, "fields": {"table": 3, "classification": null, "access_attributes": []}}, {"model": "data_tables.datarow", "pk": 10, "fields": {"table": 3, "classification": null, "access_attributes": []}}, {"model": "data_tables.datarow", "pk": 11, "fields": {"table": 4, "classification": null, "access_attributes": []}}, {"model": "data_tables.datarow", "pk": 12, "fields": {"table": 4, "classification": null, "access_attributes": []}}, {"model": "data_tables.datarow", "pk": 13, "fields": {"table": 4, "classification": null, "access_attributes": []}}, {"model": "data_tables.datarow", "pk": 14, "fields": {"table": 4, "classification": null, "access_attributes": []}}, {"model": "data_tables.datarow", "pk": 15, "fields": {"table": 4, "classification": null, "access_attributes": []}}, {"model": "data_tables.datacolumn", "pk": 1, "fields": {"table": 1, "name": "content", "classification": null, "access_attributes": []}}, {"model": "data_tables.datacolumn", "pk": 2, "fields": {"table": 2, "name": "content", "classification": null, "access_attributes": []}}, {"model": "data_tables.datacolumn", "pk": 3, "fields": {"table": 3, "name": "content", "classification": null, "access_attributes": []}}, {"model": "data_tables.datacolumn", "pk": 4, "fields": {"table": 4, "name": "content", "classification": null, "access_attributes": []}}, {"model": "data_tables.datacell", "pk": 1, "fields": {"row": 1, "column": 1, "data": "Mission Objective", "classification": 1, "access_attributes": []}}, {"model": "data_tables.datacell", "pk": 2, "fields": {"row": 2, "column": 1, "data": "Enemy Threat Analysis", "classification": 1, "access_attributes": []}}, {"model": "data_tables.datacell", "pk": 3, "fields": {"row": 3, "column": 1, "data": "Logistics and Resource Allocation", "classification": 2, "access_attributes": []}}, {"model": "data_tables.datacell", "pk": 4, "fields": {"row": 4, "column": 1, "data": "Communication Protocols", "classification": 2, "access_attributes": []}}, {"model": "data_tables.datacell", "pk": 5, "fields": {"row": 5, "column": 2, "data": "Security Threat Assessment", "classification": 1, "access_attributes": []}}, {"model": "data_tables.datacell", "pk": 6, "fields": {"row": 6, "column": 2, "data": "National Security Implications", "classification": 1, "access_attributes": []}}, {"model": "data_tables.datacell", "pk": 7, "fields": {"row": 7, "column": 2, "data": "Operational Plan Overview", "classification": 1, "access_attributes": []}}, {"model": "data_tables.datacell", "pk": 8, "fields": {"row": 8, "column": 3, "data": "Vessel Tracking and Identification", "classification": 2, "access_attributes": []}}, {"model": "data_tables.datacell", "pk": 9, "fields": {"row": 9, "column": 3, "data": "Current Naval Deployment Overview", "classification": 2, "access_attributes": []}}, {"model": "data_tables.datacell", "pk": 10, "fields": {"row": 10, "column": 3, "data": "Analysis of Enemy Naval Capabilities", "classification": 3, "access_attributes": []}}, {"model": "data_tables.datacell", "pk": 11, "fields": {"row": 11, "column": 4, "data": "La La Land is a romantic musical comedy-drama film directed by Damien Chazelle and starring Emma Stone and Ryan Gosling.", "classification": 4, "access_attributes": []}}, {"model": "data_tables.datacell", "pk": 12, "fields": {"row": 12, "column": 4, "data": "The movie tells the story of Mia, an aspiring actress, and Sebastian, a jazz pianist, who fall in love while pursuing their dreams in Los Angeles.", "classification": 4, "access_attributes": []}}, {"model": "data_tables.datacell", "pk": 13, "fields": {"row": 13, "column": 4, "data": "The movie features beautiful cinematography, catchy songs, and impressive dance numbers that pay tribute to classic Hollywood musicals.", "classification": 4, "access_attributes": []}}, {"model": "data_tables.datacell", "pk": 14, "fields": {"row": 14, "column": 4, "data": "Emma Stone and Ryan Gosling deliver strong performances, and their chemistry on-screen is undeniable.", "classification": 4, "access_attributes": []}}, {"model": "data_tables.datacell", "pk": 15, "fields": {"row": 15, "column": 4, "data": "La La Land is a charming and entertaining movie that is sure to leave you with a smile on your face.", "classification": 4, "access_attributes": []}}, {"model": "users.user", "pk": 1, "fields": {"password": "pbkdf2_sha256$600000$UAeLK1SFdRW7PJ4JNCay4p$o27U4mdKrhp0W+oUwBanDapjOqcZH4/+j4C3YOhiZsg=", "last_login": "2023-04-27T04:36:42Z", "is_superuser": true, "username": "admin", "first_name": "admin", "last_name": "user", "email": "admin@admin.com", "is_staff": true, "is_active": true, "date_joined": "2023-04-27T04:36:29Z", "clearance": 1, "groups": [], "user_permissions": [], "access_attributes": [1]}}, {"model": "users.user", "pk": 2, "fields": {"password": "pbkdf2_sha256$600000$EjIjN2j8EdDdUXIagu6qQv$EYSs1wpzMm1aZLPdutYFUNjyGTcF0D+4RLFGXRb/9us=", "last_login": null, "is_superuser": false, "username": "ts_user", "first_name": "ts", "last_name": "user", "email": "ts@test.com", "is_staff": false, "is_active": true, "date_joined": "2023-04-27T04:36:29.957Z", "clearance": 1, "groups": [], "user_permissions": [], "access_attributes": []}}, {"model": "users.user", "pk": 3, "fields": {"password": "pbkdf2_sha256$600000$qRBTlvD8Wp2vcglgD97Zvk$Oqigj4fQS9rWt4eXCZgizAaB5Q6GD/mvNMIa9blmFPg=", "last_login": null, "is_superuser": false, "username": "s_user", "first_name": "s", "last_name": "user", "email": "s@test.com", "is_staff": false, "is_active": true, "date_joined": "2023-04-27T04:36:30.047Z", "clearance": 2, "groups": [], "user_permissions": [], "access_attributes": []}}, {"model": "users.user", "pk": 4, "fields": {"password": "pbkdf2_sha256$600000$HBuB3jakwjWd42quMjqEMP$HxjHr9fiQYaB7qrHqW8gWUw2BNwcG9N7JpB60X9Q/dk=", "last_login": null, "is_superuser": false, "username": "c_user", "first_name": "c", "last_name": "user", "email": "c@test.com", "is_staff": false, "is_active": true, "date_joined": "2023-04-27T04:36:30.139Z", "clearance": 3, "groups": [], "user_permissions": [], "access_attributes": []}}, {"model": "users.user", "pk": 5, "fields": {"password": "pbkdf2_sha256$600000$omvGxxE6VrmA9jZw8uHEqK$WBQj4rzQAHTMDu6gbWrRVahh0XRDz0BGvhvDwGwSGvs=", "last_login": null, "is_superuser": false, "username": "u_user", "first_name": "u", "last_name": "user", "email": "u@test.com", "is_staff": false, "is_active": true, "date_joined": "2023-04-27T04:36:30.229Z", "clearance": 4, "groups": [], "user_permissions": [], "access_attributes": []}}, {"model": "users.user", "pk": 6, "fields": {"password": "pbkdf2_sha256$600000$mOq8fdh4SM2Fk2Jilg77fZ$1RuOhurdbxiD5guIg3JBx7jjVIOuQj/cXlr4CFo+HXQ=", "last_login": null, "is_superuser": false, "username": "anon", "first_name": "anon", "last_name": "user", "email": "anon@test.com", "is_staff": false, "is_active": true, "date_joined": "2023-04-27T04:36:30Z", "clearance": null, "groups": [], "user_permissions": [], "access_attributes": []}}]