[{"model": "data_tables.classification", "pk": 1, "fields": {"name": "TOPSECRET", "level": 3}}, {"model": "data_tables.classification", "pk": 2, "fields": {"name": "SECRET", "level": 2}}, {"model": "data_tables.classification", "pk": 3, "fields": {"name": "CONFIDENTIAL", "level": 1}}, {"model": "data_tables.classification", "pk": 4, "fields": {"name": "UNCLASSIFIED", "level": 0}}, {"model": "data_tables.accessattribute", "pk": 1, "fields": {"name": "sci=sci1"}}, {"model": "data_tables.accessattribute", "pk": 2, "fields": {"name": "sci=sci2"}}, {"model": "data_tables.accessattribute", "pk": 3, "fields": {"name": "sci=sci3"}}, {"model": "data_tables.accessattribute", "pk": 4, "fields": {"name": "ntk=ntk1"}}, {"model": "data_tables.accessattribute", "pk": 5, "fields": {"name": "ntk=ntk2"}}, {"model": "data_tables.accessattribute", "pk": 6, "fields": {"name": "ntk=ntk3"}}, {"model": "data_tables.accessattribute", "pk": 7, "fields": {"name": "ntk=ntk4"}}, {"model": "data_tables.accessattribute", "pk": 8, "fields": {"name": "ntk=ntk11"}}, {"model": "data_tables.accessattribute", "pk": 9, "fields": {"name": "nationality=usa"}}, {"model": "data_tables.accessattribute", "pk": 10, "fields": {"name": "ntk=ntk6"}}, {"model": "data_tables.accessattribute", "pk": 11, "fields": {"name": "ntk=ntk25"}}, {"model": "data_tables.accessattribute", "pk": 12, "fields": {"name": "ntk=ntk26"}}, {"model": "data_tables.accessattribute", "pk": 13, "fields": {"name": "ntk=ntk12"}}, {"model": "data_tables.accessattribute", "pk": 14, "fields": {"name": "ntk=ntk10"}}, {"model": "data_tables.accessattribute", "pk": 15, "fields": {"name": "ntk=ntk8"}}, {"model": "data_tables.accessattribute", "pk": 16, "fields": {"name": "ntk=ntk18"}}, {"model": "data_tables.accessattribute", "pk": 17, "fields": {"name": "ntk=ntk13"}}, {"model": "data_tables.accessattribute", "pk": 18, "fields": {"name": "ntk=ntk5"}}, {"model": "data_tables.accessattribute", "pk": 19, "fields": {"name": "ntk=ntk19"}}, {"model": "data_tables.accessattribute", "pk": 20, "fields": {"name": "nationality=grb"}}, {"model": "data_tables.accessattribute", "pk": 21, "fields": {"name": "ntk=ntk20"}}, {"model": "data_tables.accessattribute", "pk": 22, "fields": {"name": "ntk=ntk21"}}, {"model": "data_tables.accessattribute", "pk": 23, "fields": {"name": "sci=none"}}, {"model": "data_tables.accessattribute", "pk": 24, "fields": {"name": "sci=sci4"}}, {"model": "data_tables.accessattribute", "pk": 25, "fields": {"name": "ntk=ntk23"}}, {"model": "data_tables.accessattribute", "pk": 26, "fields": {"name": "nationality=can"}}, {"model": "data_tables.accessattribute", "pk": 27, "fields": {"name": "ntk=ntk24"}}, {"model": "data_tables.accessattribute", "pk": 28, "fields": {"name": "sci=sci5"}}, {"model": "data_tables.accessattribute", "pk": 29, "fields": {"name": "ntk=ntk15"}}, {"model": "data_tables.accessattribute", "pk": 30, "fields": {"name": "nationality=nzl"}}, {"model": "data_tables.accessattribute", "pk": 31, "fields": {"name": "ntk=ntk9"}}, {"model": "data_tables.accessattribute", "pk": 32, "fields": {"name": "ntk=ntk22"}}, {"model": "data_tables.accessattribute", "pk": 33, "fields": {"name": "nationality=aus"}}, {"model": "data_tables.accessattribute", "pk": 34, "fields": {"name": "ntk=ntk16"}}, {"model": "data_tables.accessattribute", "pk": 35, "fields": {"name": "ntk=ntk14"}}, {"model": "data_tables.datatable", "pk": 1, "fields": {"name": "Operation Plan: Alpha", "classification": 1, "access_attributes": []}}, {"model": "data_tables.datatable", "pk": 2, "fields": {"name": "Top Secret Briefing", "classification": 1, "access_attributes": []}}, {"model": "data_tables.datatable", "pk": 3, "fields": {"name": "Naval Intelligence Report", "classification": 2, "access_attributes": []}}, {"model": "data_tables.datatable", "pk": 4, "fields": {"name": "La La Land Movie Review", "classification": 4, "access_attributes": []}}, {"model": "data_tables.datatable", "pk": 5, "fields": {"name": "NTK1 Table", "classification": 1, "access_attributes": [4]}}, {"model": "data_tables.datatable", "pk": 6, "fields": {"name": "NTK1 + NTK2 Table", "classification": 1, "access_attributes": [4, 5]}}, {"model": "data_tables.datatable", "pk": 7, "fields": {"name": "Weather Report", "classification": 4, "access_attributes": []}}, {"model": "data_tables.datatable", "pk": 8, "fields": {"name": "Financial Data", "classification": 4, "access_attributes": []}}, {"model": "data_tables.datarow", "pk": 1, "fields": {"table": 1, "classification": null, "access_attributes": []}}, {"model": "data_tables.datarow", "pk": 2, "fields": {"table": 1, "classification": null, "access_attributes": []}}, {"model": "data_tables.datarow", "pk": 3, "fields": {"table": 1, "classification": null, "access_attributes": []}}, {"model": "data_tables.datarow", "pk": 4, "fields": {"table": 1, "classification": null, "access_attributes": []}}, {"model": "data_tables.datarow", "pk": 5, "fields": {"table": 2, "classification": 3, "access_attributes": [2, 5]}}, {"model": "data_tables.datarow", "pk": 6, "fields": {"table": 2, "classification": 1, "access_attributes": [2, 5]}}, {"model": "data_tables.datarow", "pk": 7, "fields": {"table": 2, "classification": null, "access_attributes": []}}, {"model": "data_tables.datarow", "pk": 8, "fields": {"table": 3, "classification": null, "access_attributes": []}}, {"model": "data_tables.datarow", "pk": 9, "fields": {"table": 3, "classification": null, "access_attributes": []}}, {"model": "data_tables.datarow", "pk": 10, "fields": {"table": 3, "classification": null, "access_attributes": []}}, {"model": "data_tables.datarow", "pk": 11, "fields": {"table": 4, "classification": null, "access_attributes": []}}, {"model": "data_tables.datarow", "pk": 12, "fields": {"table": 4, "classification": null, "access_attributes": []}}, {"model": "data_tables.datarow", "pk": 13, "fields": {"table": 4, "classification": null, "access_attributes": []}}, {"model": "data_tables.datarow", "pk": 14, "fields": {"table": 4, "classification": null, "access_attributes": []}}, {"model": "data_tables.datarow", "pk": 15, "fields": {"table": 4, "classification": null, "access_attributes": []}}, {"model": "data_tables.datarow", "pk": 16, "fields": {"table": 5, "classification": null, "access_attributes": []}}, {"model": "data_tables.datarow", "pk": 17, "fields": {"table": 6, "classification": null, "access_attributes": []}}, {"model": "data_tables.datarow", "pk": 18, "fields": {"table": 7, "classification": null, "access_attributes": []}}, {"model": "data_tables.datarow", "pk": 19, "fields": {"table": 7, "classification": null, "access_attributes": []}}, {"model": "data_tables.datarow", "pk": 20, "fields": {"table": 8, "classification": 1, "access_attributes": []}}, {"model": "data_tables.datarow", "pk": 21, "fields": {"table": 8, "classification": 2, "access_attributes": []}}, {"model": "data_tables.datarow", "pk": 22, "fields": {"table": 8, "classification": 3, "access_attributes": []}}, {"model": "data_tables.datarow", "pk": 23, "fields": {"table": 8, "classification": 2, "access_attributes": [1, 3, 9, 16]}}, {"model": "data_tables.datarow", "pk": 24, "fields": {"table": 8, "classification": 4, "access_attributes": []}}, {"model": "data_tables.datarow", "pk": 25, "fields": {"table": 8, "classification": 1, "access_attributes": []}}, {"model": "data_tables.datarow", "pk": 26, "fields": {"table": 8, "classification": 2, "access_attributes": []}}, {"model": "data_tables.datarow", "pk": 27, "fields": {"table": 8, "classification": 3, "access_attributes": []}}, {"model": "data_tables.datarow", "pk": 28, "fields": {"table": 8, "classification": 4, "access_attributes": []}}, {"model": "data_tables.datarow", "pk": 29, "fields": {"table": 8, "classification": 2, "access_attributes": []}}, {"model": "data_tables.datarow", "pk": 30, "fields": {"table": 8, "classification": 2, "access_attributes": []}}, {"model": "data_tables.datarow", "pk": 31, "fields": {"table": 8, "classification": 2, "access_attributes": []}}, {"model": "data_tables.datarow", "pk": 32, "fields": {"table": 8, "classification": 3, "access_attributes": [9, 28, 29, 30]}}, {"model": "data_tables.datarow", "pk": 33, "fields": {"table": 8, "classification": 3, "access_attributes": [1, 2, 3, 6, 9, 31]}}, {"model": "data_tables.datarow", "pk": 34, "fields": {"table": 8, "classification": 1, "access_attributes": [1, 9, 24, 32, 33]}}, {"model": "data_tables.datacolumn", "pk": 1, "fields": {"table": 1, "name": "content", "classification": 3, "access_attributes": [1]}}, {"model": "data_tables.datacolumn", "pk": 2, "fields": {"table": 2, "name": "content", "classification": 1, "access_attributes": []}}, {"model": "data_tables.datacolumn", "pk": 3, "fields": {"table": 3, "name": "content", "classification": null, "access_attributes": []}}, {"model": "data_tables.datacolumn", "pk": 4, "fields": {"table": 4, "name": "content", "classification": null, "access_attributes": []}}, {"model": "data_tables.datacolumn", "pk": 5, "fields": {"table": 5, "name": "content", "classification": null, "access_attributes": []}}, {"model": "data_tables.datacolumn", "pk": 6, "fields": {"table": 6, "name": "content", "classification": null, "access_attributes": []}}, {"model": "data_tables.datacolumn", "pk": 7, "fields": {"table": 7, "name": "Temperature", "classification": null, "access_attributes": []}}, {"model": "data_tables.datacolumn", "pk": 8, "fields": {"table": 7, "name": "Rain", "classification": null, "access_attributes": []}}, {"model": "data_tables.datacolumn", "pk": 9, "fields": {"table": 8, "name": "identifier_nfn", "classification": null, "access_attributes": []}}, {"model": "data_tables.datacolumn", "pk": 10, "fields": {"table": 8, "name": "date_created", "classification": null, "access_attributes": []}}, {"model": "data_tables.datacolumn", "pk": 11, "fields": {"table": 8, "name": "country", "classification": null, "access_attributes": []}}, {"model": "data_tables.datacolumn", "pk": 12, "fields": {"table": 8, "name": "agency", "classification": null, "access_attributes": []}}, {"model": "data_tables.datacolumn", "pk": 13, "fields": {"table": 8, "name": "fiscal_year", "classification": null, "access_attributes": []}}, {"model": "data_tables.datacolumn", "pk": 14, "fields": {"table": 8, "name": "project", "classification": null, "access_attributes": []}}, {"model": "data_tables.datacolumn", "pk": 15, "fields": {"table": 8, "name": "background", "classification": null, "access_attributes": []}}, {"model": "data_tables.datacolumn", "pk": 16, "fields": {"table": 8, "name": "office_branch", "classification": null, "access_attributes": []}}, {"model": "data_tables.datacolumn", "pk": 17, "fields": {"table": 8, "name": "organization", "classification": null, "access_attributes": []}}, {"model": "data_tables.datacolumn", "pk": 18, "fields": {"table": 8, "name": "dollar_amount", "classification": null, "access_attributes": []}}, {"model": "data_tables.datacolumn", "pk": 19, "fields": {"table": 8, "name": "category", "classification": null, "access_attributes": []}}, {"model": "data_tables.datacolumn", "pk": 20, "fields": {"table": 8, "name": "justification", "classification": null, "access_attributes": []}}, {"model": "data_tables.datacolumn", "pk": 21, "fields": {"table": 8, "name": "financial_statement_title", "classification": null, "access_attributes": []}}, {"model": "data_tables.datacolumn", "pk": 22, "fields": {"table": 8, "name": "financial_workflow", "classification": null, "access_attributes": []}}, {"model": "data_tables.datacolumn", "pk": 23, "fields": {"table": 8, "name": "financial_form", "classification": null, "access_attributes": []}}, {"model": "data_tables.datacolumn", "pk": 24, "fields": {"table": 8, "name": "comments", "classification": null, "access_attributes": []}}, {"model": "data_tables.datacolumn", "pk": 25, "fields": {"table": 8, "name": "recent_activity", "classification": null, "access_attributes": []}}, {"model": "data_tables.datacontent", "pk": 1, "fields": {"text_data": "Mission Objective", "bool_data": null, "image_data": "", "float_data": null, "email_data": null, "url_data": null, "decimal_data": null, "int_data": null, "date_data": null, "dollar_data": null}}, {"model": "data_tables.datacontent", "pk": 2, "fields": {"text_data": "Enemy Threat Analysis", "bool_data": null, "image_data": "", "float_data": null, "email_data": null, "url_data": null, "decimal_data": null, "int_data": null, "date_data": null, "dollar_data": null}}, {"model": "data_tables.datacontent", "pk": 3, "fields": {"text_data": "Logistics and Resource Allocation", "bool_data": null, "image_data": "", "float_data": null, "email_data": null, "url_data": null, "decimal_data": null, "int_data": null, "date_data": null, "dollar_data": null}}, {"model": "data_tables.datacontent", "pk": 4, "fields": {"text_data": "Security Threat Assessment", "bool_data": null, "image_data": "", "float_data": null, "email_data": null, "url_data": null, "decimal_data": null, "int_data": null, "date_data": null, "dollar_data": null}}, {"model": "data_tables.datacontent", "pk": 9, "fields": {"text_data": "", "bool_data": null, "image_data": "", "float_data": null, "email_data": null, "url_data": null, "decimal_data": null, "int_data": 999993, "date_data": null, "dollar_data": null}}, {"model": "data_tables.datacontent", "pk": 10, "fields": {"text_data": "", "bool_data": null, "image_data": "", "float_data": null, "email_data": null, "url_data": null, "decimal_data": null, "int_data": 999994, "date_data": null, "dollar_data": null}}, {"model": "data_tables.datacontent", "pk": 11, "fields": {"text_data": "", "bool_data": null, "image_data": "", "float_data": null, "email_data": null, "url_data": null, "decimal_data": null, "int_data": 999995, "date_data": null, "dollar_data": null}}, {"model": "data_tables.datacontent", "pk": 12, "fields": {"text_data": "", "bool_data": null, "image_data": "", "float_data": null, "email_data": null, "url_data": null, "decimal_data": null, "int_data": 999997, "date_data": null, "dollar_data": null}}, {"model": "data_tables.datacontent", "pk": 13, "fields": {"text_data": "", "bool_data": null, "image_data": "", "float_data": null, "email_data": null, "url_data": null, "decimal_data": null, "int_data": 999998, "date_data": null, "dollar_data": null}}, {"model": "data_tables.datacontent", "pk": 14, "fields": {"text_data": "", "bool_data": null, "image_data": "", "float_data": null, "email_data": null, "url_data": null, "decimal_data": null, "int_data": 999999, "date_data": null, "dollar_data": null}}, {"model": "data_tables.datacontent", "pk": 15, "fields": {"text_data": "", "bool_data": null, "image_data": "", "float_data": null, "email_data": null, "url_data": null, "decimal_data": null, "int_data": 1000000, "date_data": null, "dollar_data": null}}, {"model": "data_tables.datacontent", "pk": 16, "fields": {"text_data": "", "bool_data": null, "image_data": "", "float_data": null, "email_data": null, "url_data": null, "decimal_data": null, "int_data": 1000001, "date_data": null, "dollar_data": null}}, {"model": "data_tables.datacontent", "pk": 17, "fields": {"text_data": "", "bool_data": null, "image_data": "", "float_data": null, "email_data": null, "url_data": null, "decimal_data": null, "int_data": null, "date_data": "2023-06-20", "dollar_data": null}}, {"model": "data_tables.datacontent", "pk": 18, "fields": {"text_data": "", "bool_data": null, "image_data": "", "float_data": null, "email_data": null, "url_data": null, "decimal_data": null, "int_data": null, "date_data": "2023-05-01", "dollar_data": null}}, {"model": "data_tables.datacontent", "pk": 19, "fields": {"text_data": "", "bool_data": null, "image_data": "", "float_data": null, "email_data": null, "url_data": null, "decimal_data": null, "int_data": null, "date_data": "2022-07-06", "dollar_data": null}}, {"model": "data_tables.datacontent", "pk": 20, "fields": {"text_data": "", "bool_data": null, "image_data": "", "float_data": null, "email_data": null, "url_data": null, "decimal_data": null, "int_data": null, "date_data": "2022-04-20", "dollar_data": null}}, {"model": "data_tables.datacontent", "pk": 21, "fields": {"text_data": "", "bool_data": null, "image_data": "", "float_data": null, "email_data": null, "url_data": null, "decimal_data": null, "int_data": null, "date_data": "2021-09-15", "dollar_data": null}}, {"model": "data_tables.datacontent", "pk": 22, "fields": {"text_data": "", "bool_data": null, "image_data": "", "float_data": null, "email_data": null, "url_data": null, "decimal_data": null, "int_data": null, "date_data": "2023-03-20", "dollar_data": null}}, {"model": "data_tables.datacontent", "pk": 23, "fields": {"text_data": "", "bool_data": null, "image_data": "", "float_data": null, "email_data": null, "url_data": null, "decimal_data": null, "int_data": null, "date_data": "2023-02-19", "dollar_data": null}}, {"model": "data_tables.datacontent", "pk": 24, "fields": {"text_data": "", "bool_data": null, "image_data": "", "float_data": null, "email_data": null, "url_data": null, "decimal_data": null, "int_data": null, "date_data": "2023-01-09", "dollar_data": null}}, {"model": "data_tables.datacontent", "pk": 25, "fields": {"text_data": "U.S.", "bool_data": null, "image_data": "", "float_data": null, "email_data": null, "url_data": null, "decimal_data": null, "int_data": null, "date_data": null, "dollar_data": null}}, {"model": "data_tables.datacontent", "pk": 26, "fields": {"text_data": "DIA", "bool_data": null, "image_data": "", "float_data": null, "email_data": null, "url_data": null, "decimal_data": null, "int_data": null, "date_data": null, "dollar_data": null}}, {"model": "data_tables.datacontent", "pk": 27, "fields": {"text_data": "", "bool_data": null, "image_data": "", "float_data": null, "email_data": null, "url_data": null, "decimal_data": null, "int_data": 2023, "date_data": null, "dollar_data": null}}, {"model": "data_tables.datacontent", "pk": 28, "fields": {"text_data": "", "bool_data": null, "image_data": "", "float_data": null, "email_data": null, "url_data": null, "decimal_data": null, "int_data": 2022, "date_data": null, "dollar_data": null}}, {"model": "data_tables.datacontent", "pk": 29, "fields": {"text_data": "", "bool_data": null, "image_data": "", "float_data": null, "email_data": null, "url_data": null, "decimal_data": null, "int_data": 2021, "date_data": null, "dollar_data": null}}, {"model": "data_tables.datacontent", "pk": 30, "fields": {"text_data": "US-4567", "bool_data": null, "image_data": "", "float_data": null, "email_data": null, "url_data": null, "decimal_data": null, "int_data": null, "date_data": null, "dollar_data": null}}, {"model": "data_tables.datacontent", "pk": 31, "fields": {"text_data": "US-1234", "bool_data": null, "image_data": "", "float_data": null, "email_data": null, "url_data": null, "decimal_data": null, "int_data": null, "date_data": null, "dollar_data": null}}, {"model": "data_tables.datacontent", "pk": 32, "fields": {"text_data": "US-1357", "bool_data": null, "image_data": "", "float_data": null, "email_data": null, "url_data": null, "decimal_data": null, "int_data": null, "date_data": null, "dollar_data": null}}, {"model": "data_tables.datacontent", "pk": 33, "fields": {"text_data": "US-2468", "bool_data": null, "image_data": "", "float_data": null, "email_data": null, "url_data": null, "decimal_data": null, "int_data": null, "date_data": null, "dollar_data": null}}, {"model": "data_tables.datacontent", "pk": 34, "fields": {"text_data": "", "bool_data": null, "image_data": "", "float_data": null, "email_data": null, "url_data": null, "decimal_data": null, "int_data": null, "date_data": null, "dollar_data": "1200000.00"}}, {"model": "data_tables.datacontent", "pk": 35, "fields": {"text_data": "", "bool_data": null, "image_data": "", "float_data": null, "email_data": null, "url_data": null, "decimal_data": null, "int_data": null, "date_data": null, "dollar_data": "4000000.00"}}, {"model": "data_tables.datacontent", "pk": 36, "fields": {"text_data": "", "bool_data": null, "image_data": "", "float_data": null, "email_data": null, "url_data": null, "decimal_data": null, "int_data": null, "date_data": null, "dollar_data": "650000.00"}}, {"model": "data_tables.datacontent", "pk": 37, "fields": {"text_data": "", "bool_data": null, "image_data": "", "float_data": null, "email_data": null, "url_data": null, "decimal_data": null, "int_data": null, "date_data": null, "dollar_data": "1000000.00"}}, {"model": "data_tables.datacontent", "pk": 38, "fields": {"text_data": "", "bool_data": null, "image_data": "", "float_data": null, "email_data": null, "url_data": null, "decimal_data": null, "int_data": null, "date_data": null, "dollar_data": "120000.00"}}, {"model": "data_tables.datacontent", "pk": 39, "fields": {"text_data": "", "bool_data": null, "image_data": "", "float_data": null, "email_data": null, "url_data": null, "decimal_data": null, "int_data": null, "date_data": null, "dollar_data": "650000.00"}}, {"model": "data_tables.datacontent", "pk": 40, "fields": {"text_data": "", "bool_data": null, "image_data": "", "float_data": null, "email_data": null, "url_data": null, "decimal_data": null, "int_data": null, "date_data": null, "dollar_data": "750000.00"}}, {"model": "data_tables.datacontent", "pk": 41, "fields": {"text_data": "", "bool_data": null, "image_data": "", "float_data": null, "email_data": null, "url_data": null, "decimal_data": null, "int_data": null, "date_data": null, "dollar_data": "9000000.00"}}, {"model": "data_tables.datacontent", "pk": 42, "fields": {"text_data": "pop rogers", "bool_data": null, "image_data": "", "float_data": null, "email_data": null, "url_data": null, "decimal_data": null, "int_data": null, "date_data": null, "dollar_data": null}}, {"model": "data_tables.datacontent", "pk": 43, "fields": {"text_data": "ray stinger", "bool_data": null, "image_data": "", "float_data": null, "email_data": null, "url_data": null, "decimal_data": null, "int_data": null, "date_data": null, "dollar_data": null}}, {"model": "data_tables.datacontent", "pk": 44, "fields": {"text_data": "DCO Ops", "bool_data": null, "image_data": "", "float_data": null, "email_data": null, "url_data": null, "decimal_data": null, "int_data": null, "date_data": null, "dollar_data": null}}, {"model": "data_tables.datacontent", "pk": 45, "fields": {"text_data": "Matchbox", "bool_data": null, "image_data": "", "float_data": null, "email_data": null, "url_data": null, "decimal_data": null, "int_data": null, "date_data": null, "dollar_data": null}}, {"model": "data_tables.datacontent", "pk": 46, "fields": {"text_data": "Blackbox", "bool_data": null, "image_data": "", "float_data": null, "email_data": null, "url_data": null, "decimal_data": null, "int_data": null, "date_data": null, "dollar_data": null}}, {"model": "data_tables.datacontent", "pk": 47, "fields": {"text_data": "Talon Needs", "bool_data": null, "image_data": "", "float_data": null, "email_data": null, "url_data": null, "decimal_data": null, "int_data": null, "date_data": null, "dollar_data": null}}, {"model": "data_tables.datacontent", "pk": 48, "fields": {"text_data": "Osprey Ops", "bool_data": null, "image_data": "", "float_data": null, "email_data": null, "url_data": null, "decimal_data": null, "int_data": null, "date_data": null, "dollar_data": null}}, {"model": "data_tables.datacontent", "pk": 49, "fields": {"text_data": "Twin Lightning", "bool_data": null, "image_data": "", "float_data": null, "email_data": null, "url_data": null, "decimal_data": null, "int_data": null, "date_data": null, "dollar_data": null}}, {"model": "data_tables.datacontent", "pk": 50, "fields": {"text_data": "Distinct diplomat visit", "bool_data": null, "image_data": "", "float_data": null, "email_data": null, "url_data": null, "decimal_data": null, "int_data": null, "date_data": null, "dollar_data": null}}, {"model": "data_tables.datacontent", "pk": 51, "fields": {"text_data": "stinger the singer", "bool_data": null, "image_data": "", "float_data": null, "email_data": null, "url_data": null, "decimal_data": null, "int_data": null, "date_data": null, "dollar_data": null}}, {"model": "data_tables.datacontent", "pk": 52, "fields": {"text_data": "Cyber operational needs", "bool_data": null, "image_data": "", "float_data": null, "email_data": null, "url_data": null, "decimal_data": null, "int_data": null, "date_data": null, "dollar_data": null}}, {"model": "data_tables.datacontent", "pk": 53, "fields": {"text_data": "Morale concert needs", "bool_data": null, "image_data": "", "float_data": null, "email_data": null, "url_data": null, "decimal_data": null, "int_data": null, "date_data": null, "dollar_data": null}}, {"model": "data_tables.datacontent", "pk": 54, "fields": {"text_data": "Platform modifications", "bool_data": null, "image_data": "", "float_data": null, "email_data": null, "url_data": null, "decimal_data": null, "int_data": null, "date_data": null, "dollar_data": null}}, {"model": "data_tables.datacontent", "pk": 55, "fields": {"text_data": "Specs modification", "bool_data": null, "image_data": "", "float_data": null, "email_data": null, "url_data": null, "decimal_data": null, "int_data": null, "date_data": null, "dollar_data": null}}, {"model": "data_tables.datacontent", "pk": 56, "fields": {"text_data": "Maintenance financial requirements", "bool_data": null, "image_data": "", "float_data": null, "email_data": null, "url_data": null, "decimal_data": null, "int_data": null, "date_data": null, "dollar_data": null}}, {"model": "data_tables.datacontent", "pk": 57, "fields": {"text_data": "Hardware/Software upgrades", "bool_data": null, "image_data": "", "float_data": null, "email_data": null, "url_data": null, "decimal_data": null, "int_data": null, "date_data": null, "dollar_data": null}}, {"model": "data_tables.datacontent", "pk": 58, "fields": {"text_data": "USMC", "bool_data": null, "image_data": "", "float_data": null, "email_data": null, "url_data": null, "decimal_data": null, "int_data": null, "date_data": null, "dollar_data": null}}, {"model": "data_tables.datacontent", "pk": 59, "fields": {"text_data": "USAF", "bool_data": null, "image_data": "", "float_data": null, "email_data": null, "url_data": null, "decimal_data": null, "int_data": null, "date_data": null, "dollar_data": null}}, {"model": "data_tables.datacontent", "pk": 60, "fields": {"text_data": "USCG", "bool_data": null, "image_data": "", "float_data": null, "email_data": null, "url_data": null, "decimal_data": null, "int_data": null, "date_data": null, "dollar_data": null}}, {"model": "data_tables.datacontent", "pk": 61, "fields": {"text_data": "Research Commission", "bool_data": null, "image_data": "", "float_data": null, "email_data": null, "url_data": null, "decimal_data": null, "int_data": null, "date_data": null, "dollar_data": null}}, {"model": "data_tables.datacontent", "pk": 62, "fields": {"text_data": "DISA", "bool_data": null, "image_data": "", "float_data": null, "email_data": null, "url_data": null, "decimal_data": null, "int_data": null, "date_data": null, "dollar_data": null}}, {"model": "data_tables.datacontent", "pk": 63, "fields": {"text_data": "13 INF BDE", "bool_data": null, "image_data": "", "float_data": null, "email_data": null, "url_data": null, "decimal_data": null, "int_data": null, "date_data": null, "dollar_data": null}}, {"model": "data_tables.datacontent", "pk": 64, "fields": {"text_data": "46 COS", "bool_data": null, "image_data": "", "float_data": null, "email_data": null, "url_data": null, "decimal_data": null, "int_data": null, "date_data": null, "dollar_data": null}}, {"model": "data_tables.datacontent", "pk": 65, "fields": {"text_data": "40 Guard BN", "bool_data": null, "image_data": "", "float_data": null, "email_data": null, "url_data": null, "decimal_data": null, "int_data": null, "date_data": null, "dollar_data": null}}, {"model": "data_tables.datacontent", "pk": 66, "fields": {"text_data": "Research Center", "bool_data": null, "image_data": "", "float_data": null, "email_data": null, "url_data": null, "decimal_data": null, "int_data": null, "date_data": null, "dollar_data": null}}, {"model": "data_tables.datacontent", "pk": 67, "fields": {"text_data": "Info Sec Office", "bool_data": null, "image_data": "", "float_data": null, "email_data": null, "url_data": null, "decimal_data": null, "int_data": null, "date_data": null, "dollar_data": null}}, {"model": "data_tables.datacontent", "pk": 68, "fields": {"text_data": "47 USAF Org", "bool_data": null, "image_data": "", "float_data": null, "email_data": null, "url_data": null, "decimal_data": null, "int_data": null, "date_data": null, "dollar_data": null}}, {"model": "data_tables.datacontent", "pk": 69, "fields": {"text_data": "5 USAF Org", "bool_data": null, "image_data": "", "float_data": null, "email_data": null, "url_data": null, "decimal_data": null, "int_data": null, "date_data": null, "dollar_data": null}}, {"model": "data_tables.datacontent", "pk": 70, "fields": {"text_data": "XYZ", "bool_data": null, "image_data": "", "float_data": null, "email_data": null, "url_data": null, "decimal_data": null, "int_data": null, "date_data": null, "dollar_data": null}}, {"model": "data_tables.datacontent", "pk": 71, "fields": {"text_data": "ZXY", "bool_data": null, "image_data": "", "float_data": null, "email_data": null, "url_data": null, "decimal_data": null, "int_data": null, "date_data": null, "dollar_data": null}}, {"model": "data_tables.datacontent", "pk": 72, "fields": {"text_data": "GHT", "bool_data": null, "image_data": "", "float_data": null, "email_data": null, "url_data": null, "decimal_data": null, "int_data": null, "date_data": null, "dollar_data": null}}, {"model": "data_tables.datacontent", "pk": 73, "fields": {"text_data": "Required visitation needs", "bool_data": null, "image_data": "", "float_data": null, "email_data": null, "url_data": null, "decimal_data": null, "int_data": null, "date_data": null, "dollar_data": null}}, {"model": "data_tables.datacontent", "pk": 74, "fields": {"text_data": "Operation requirements", "bool_data": null, "image_data": "", "float_data": null, "email_data": null, "url_data": null, "decimal_data": null, "int_data": null, "date_data": null, "dollar_data": null}}, {"model": "data_tables.datacontent", "pk": 75, "fields": {"text_data": "Troop morale requirements", "bool_data": null, "image_data": "", "float_data": null, "email_data": null, "url_data": null, "decimal_data": null, "int_data": null, "date_data": null, "dollar_data": null}}, {"model": "data_tables.datacontent", "pk": 76, "fields": {"text_data": "multi year project in year 2", "bool_data": null, "image_data": "", "float_data": null, "email_data": null, "url_data": null, "decimal_data": null, "int_data": null, "date_data": null, "dollar_data": null}}, {"model": "data_tables.datacontent", "pk": 77, "fields": {"text_data": "multi year project in year 3", "bool_data": null, "image_data": "", "float_data": null, "email_data": null, "url_data": null, "decimal_data": null, "int_data": null, "date_data": null, "dollar_data": null}}, {"model": "data_tables.datacontent", "pk": 78, "fields": {"text_data": "Project financial statement", "bool_data": null, "image_data": "", "float_data": null, "email_data": null, "url_data": null, "decimal_data": null, "int_data": null, "date_data": null, "dollar_data": null}}, {"model": "data_tables.datacontent", "pk": 79, "fields": {"text_data": "Unique financial statement", "bool_data": null, "image_data": "", "float_data": null, "email_data": null, "url_data": null, "decimal_data": null, "int_data": null, "date_data": null, "dollar_data": null}}, {"model": "data_tables.datacontent", "pk": 80, "fields": {"text_data": "step 1", "bool_data": null, "image_data": "", "float_data": null, "email_data": null, "url_data": null, "decimal_data": null, "int_data": null, "date_data": null, "dollar_data": null}}, {"model": "data_tables.datacontent", "pk": 81, "fields": {"text_data": "2nd step", "bool_data": null, "image_data": "", "float_data": null, "email_data": null, "url_data": null, "decimal_data": null, "int_data": null, "date_data": null, "dollar_data": null}}, {"model": "data_tables.datacontent", "pk": 82, "fields": {"text_data": "Top project of many", "bool_data": null, "image_data": "", "float_data": null, "email_data": null, "url_data": null, "decimal_data": null, "int_data": null, "date_data": null, "dollar_data": null}}, {"model": "data_tables.datacontent", "pk": 83, "fields": {"text_data": "Project of projects", "bool_data": null, "image_data": "", "float_data": null, "email_data": null, "url_data": null, "decimal_data": null, "int_data": null, "date_data": null, "dollar_data": null}}, {"model": "data_tables.datacontent", "pk": 84, "fields": {"text_data": "Updated budget requirements", "bool_data": null, "image_data": "", "float_data": null, "email_data": null, "url_data": null, "decimal_data": null, "int_data": null, "date_data": null, "dollar_data": null}}, {"model": "data_tables.datacell", "pk": 1, "fields": {"row": 20, "column": 9, "data": 14, "classification": 4, "access_attributes": []}}, {"model": "data_tables.datacell", "pk": 2, "fields": {"row": 20, "column": 10, "data": 17, "classification": 4, "access_attributes": []}}, {"model": "data_tables.datacell", "pk": 3, "fields": {"row": 20, "column": 11, "data": 25, "classification": 4, "access_attributes": []}}, {"model": "data_tables.datacell", "pk": 4, "fields": {"row": 20, "column": 12, "data": 26, "classification": 4, "access_attributes": []}}, {"model": "data_tables.datacell", "pk": 5, "fields": {"row": 20, "column": 13, "data": 27, "classification": 4, "access_attributes": []}}, {"model": "data_tables.datacell", "pk": 6, "fields": {"row": 21, "column": 9, "data": 13, "classification": 4, "access_attributes": []}}, {"model": "data_tables.datacell", "pk": 7, "fields": {"row": 21, "column": 10, "data": 18, "classification": 4, "access_attributes": []}}, {"model": "data_tables.datacell", "pk": 8, "fields": {"row": 21, "column": 11, "data": 25, "classification": 4, "access_attributes": []}}, {"model": "data_tables.datacell", "pk": 9, "fields": {"row": 21, "column": 12, "data": 26, "classification": 4, "access_attributes": []}}, {"model": "data_tables.datacell", "pk": 10, "fields": {"row": 21, "column": 13, "data": 27, "classification": 4, "access_attributes": []}}, {"model": "data_tables.datacell", "pk": 11, "fields": {"row": 23, "column": 9, "data": 12, "classification": 4, "access_attributes": []}}, {"model": "data_tables.datacell", "pk": 12, "fields": {"row": 22, "column": 9, "data": 11, "classification": 4, "access_attributes": []}}, {"model": "data_tables.datacell", "pk": 13, "fields": {"row": 22, "column": 10, "data": 19, "classification": 4, "access_attributes": []}}, {"model": "data_tables.datacell", "pk": 14, "fields": {"row": 23, "column": 10, "data": 23, "classification": 4, "access_attributes": []}}, {"model": "data_tables.datacell", "pk": 15, "fields": {"row": 22, "column": 11, "data": 25, "classification": 4, "access_attributes": []}}, {"model": "data_tables.datacell", "pk": 16, "fields": {"row": 23, "column": 11, "data": 25, "classification": 4, "access_attributes": []}}, {"model": "data_tables.datacell", "pk": 17, "fields": {"row": 22, "column": 12, "data": 26, "classification": 4, "access_attributes": []}}, {"model": "data_tables.datacell", "pk": 18, "fields": {"row": 23, "column": 12, "data": 26, "classification": 4, "access_attributes": []}}, {"model": "data_tables.datacell", "pk": 19, "fields": {"row": 22, "column": 13, "data": 28, "classification": 4, "access_attributes": []}}, {"model": "data_tables.datacell", "pk": 20, "fields": {"row": 23, "column": 13, "data": 27, "classification": 4, "access_attributes": []}}, {"model": "data_tables.datacell", "pk": 21, "fields": {"row": 24, "column": 9, "data": 10, "classification": 4, "access_attributes": []}}, {"model": "data_tables.datacell", "pk": 22, "fields": {"row": 25, "column": 9, "data": 9, "classification": 4, "access_attributes": []}}, {"model": "data_tables.datacell", "pk": 23, "fields": {"row": 24, "column": 10, "data": 20, "classification": 4, "access_attributes": []}}, {"model": "data_tables.datacell", "pk": 24, "fields": {"row": 25, "column": 10, "data": 23, "classification": 4, "access_attributes": []}}, {"model": "data_tables.datacell", "pk": 25, "fields": {"row": 24, "column": 11, "data": 25, "classification": 4, "access_attributes": []}}, {"model": "data_tables.datacell", "pk": 26, "fields": {"row": 25, "column": 11, "data": 25, "classification": 4, "access_attributes": []}}, {"model": "data_tables.datacell", "pk": 27, "fields": {"row": 24, "column": 12, "data": 26, "classification": 4, "access_attributes": []}}, {"model": "data_tables.datacell", "pk": 28, "fields": {"row": 25, "column": 12, "data": 26, "classification": 4, "access_attributes": []}}, {"model": "data_tables.datacell", "pk": 29, "fields": {"row": 24, "column": 13, "data": 28, "classification": 4, "access_attributes": []}}, {"model": "data_tables.datacell", "pk": 30, "fields": {"row": 25, "column": 13, "data": 27, "classification": 4, "access_attributes": []}}, {"model": "data_tables.datacell", "pk": 31, "fields": {"row": 26, "column": 9, "data": 15, "classification": 4, "access_attributes": []}}, {"model": "data_tables.datacell", "pk": 32, "fields": {"row": 27, "column": 9, "data": 16, "classification": 4, "access_attributes": []}}, {"model": "data_tables.datacell", "pk": 33, "fields": {"row": 26, "column": 10, "data": 21, "classification": 4, "access_attributes": []}}, {"model": "data_tables.datacell", "pk": 34, "fields": {"row": 27, "column": 10, "data": 23, "classification": 4, "access_attributes": []}}, {"model": "data_tables.datacell", "pk": 35, "fields": {"row": 26, "column": 11, "data": 25, "classification": 4, "access_attributes": []}}, {"model": "data_tables.datacell", "pk": 36, "fields": {"row": 27, "column": 11, "data": 25, "classification": 4, "access_attributes": []}}, {"model": "data_tables.datacell", "pk": 37, "fields": {"row": 26, "column": 12, "data": 26, "classification": 4, "access_attributes": []}}, {"model": "data_tables.datacell", "pk": 38, "fields": {"row": 27, "column": 12, "data": 26, "classification": 4, "access_attributes": []}}, {"model": "data_tables.datacell", "pk": 39, "fields": {"row": 26, "column": 13, "data": 29, "classification": 4, "access_attributes": []}}, {"model": "data_tables.datacell", "pk": 40, "fields": {"row": 27, "column": 13, "data": 27, "classification": 4, "access_attributes": []}}, {"model": "data_tables.datacell", "pk": 41, "fields": {"row": 20, "column": 23, "data": 30, "classification": 4, "access_attributes": []}}, {"model": "data_tables.datacell", "pk": 42, "fields": {"row": 21, "column": 23, "data": 31, "classification": 4, "access_attributes": []}}, {"model": "data_tables.datacell", "pk": 43, "fields": {"row": 23, "column": 23, "data": 32, "classification": 4, "access_attributes": []}}, {"model": "data_tables.datacell", "pk": 44, "fields": {"row": 22, "column": 23, "data": 33, "classification": 4, "access_attributes": []}}, {"model": "data_tables.datacell", "pk": 45, "fields": {"row": 24, "column": 23, "data": 30, "classification": 4, "access_attributes": []}}, {"model": "data_tables.datacell", "pk": 46, "fields": {"row": 25, "column": 23, "data": 31, "classification": 4, "access_attributes": []}}, {"model": "data_tables.datacell", "pk": 47, "fields": {"row": 26, "column": 23, "data": 32, "classification": 4, "access_attributes": []}}, {"model": "data_tables.datacell", "pk": 48, "fields": {"row": 27, "column": 23, "data": 33, "classification": 4, "access_attributes": []}}, {"model": "data_tables.datacell", "pk": 49, "fields": {"row": 20, "column": 18, "data": 34, "classification": 4, "access_attributes": []}}, {"model": "data_tables.datacell", "pk": 50, "fields": {"row": 21, "column": 18, "data": 35, "classification": 4, "access_attributes": []}}, {"model": "data_tables.datacell", "pk": 51, "fields": {"row": 22, "column": 18, "data": 36, "classification": 4, "access_attributes": []}}, {"model": "data_tables.datacell", "pk": 52, "fields": {"row": 23, "column": 18, "data": 37, "classification": null, "access_attributes": []}}, {"model": "data_tables.datacell", "pk": 53, "fields": {"row": 24, "column": 18, "data": 38, "classification": 4, "access_attributes": []}}, {"model": "data_tables.datacell", "pk": 54, "fields": {"row": 25, "column": 18, "data": 39, "classification": 4, "access_attributes": []}}, {"model": "data_tables.datacell", "pk": 55, "fields": {"row": 26, "column": 18, "data": 40, "classification": 4, "access_attributes": []}}, {"model": "data_tables.datacell", "pk": 56, "fields": {"row": 27, "column": 18, "data": 41, "classification": 4, "access_attributes": []}}, {"model": "data_tables.datacell", "pk": 57, "fields": {"row": 20, "column": 14, "data": 42, "classification": 4, "access_attributes": []}}, {"model": "data_tables.datacell", "pk": 58, "fields": {"row": 21, "column": 14, "data": 43, "classification": 4, "access_attributes": []}}, {"model": "data_tables.datacell", "pk": 59, "fields": {"row": 22, "column": 14, "data": 44, "classification": 4, "access_attributes": []}}, {"model": "data_tables.datacell", "pk": 60, "fields": {"row": 23, "column": 14, "data": 45, "classification": 4, "access_attributes": []}}, {"model": "data_tables.datacell", "pk": 61, "fields": {"row": 24, "column": 14, "data": 46, "classification": 4, "access_attributes": []}}, {"model": "data_tables.datacell", "pk": 62, "fields": {"row": 25, "column": 14, "data": 47, "classification": 4, "access_attributes": []}}, {"model": "data_tables.datacell", "pk": 63, "fields": {"row": 26, "column": 14, "data": 48, "classification": 4, "access_attributes": []}}, {"model": "data_tables.datacell", "pk": 64, "fields": {"row": 27, "column": 14, "data": 49, "classification": 4, "access_attributes": []}}, {"model": "data_tables.datacell", "pk": 65, "fields": {"row": 20, "column": 15, "data": 50, "classification": 4, "access_attributes": []}}, {"model": "data_tables.datacell", "pk": 66, "fields": {"row": 21, "column": 15, "data": 51, "classification": 4, "access_attributes": []}}, {"model": "data_tables.datacell", "pk": 67, "fields": {"row": 22, "column": 15, "data": 52, "classification": 4, "access_attributes": []}}, {"model": "data_tables.datacell", "pk": 68, "fields": {"row": 23, "column": 15, "data": 53, "classification": 4, "access_attributes": []}}, {"model": "data_tables.datacell", "pk": 69, "fields": {"row": 24, "column": 15, "data": 54, "classification": 4, "access_attributes": []}}, {"model": "data_tables.datacell", "pk": 70, "fields": {"row": 25, "column": 15, "data": 55, "classification": 4, "access_attributes": []}}, {"model": "data_tables.datacell", "pk": 71, "fields": {"row": 26, "column": 15, "data": 56, "classification": 4, "access_attributes": []}}, {"model": "data_tables.datacell", "pk": 72, "fields": {"row": 27, "column": 15, "data": 57, "classification": 4, "access_attributes": []}}, {"model": "data_tables.datacell", "pk": 73, "fields": {"row": 20, "column": 16, "data": 58, "classification": 4, "access_attributes": []}}, {"model": "data_tables.datacell", "pk": 74, "fields": {"row": 21, "column": 16, "data": 59, "classification": 4, "access_attributes": []}}, {"model": "data_tables.datacell", "pk": 75, "fields": {"row": 22, "column": 16, "data": 60, "classification": 4, "access_attributes": []}}, {"model": "data_tables.datacell", "pk": 76, "fields": {"row": 23, "column": 16, "data": 61, "classification": 4, "access_attributes": []}}, {"model": "data_tables.datacell", "pk": 77, "fields": {"row": 24, "column": 16, "data": 62, "classification": 4, "access_attributes": []}}, {"model": "data_tables.datacell", "pk": 78, "fields": {"row": 25, "column": 16, "data": 59, "classification": 4, "access_attributes": []}}, {"model": "data_tables.datacell", "pk": 79, "fields": {"row": 26, "column": 16, "data": 59, "classification": 4, "access_attributes": []}}, {"model": "data_tables.datacell", "pk": 80, "fields": {"row": 27, "column": 16, "data": 60, "classification": 4, "access_attributes": []}}, {"model": "data_tables.datacell", "pk": 81, "fields": {"row": 20, "column": 17, "data": 63, "classification": 4, "access_attributes": []}}, {"model": "data_tables.datacell", "pk": 82, "fields": {"row": 21, "column": 17, "data": 64, "classification": 4, "access_attributes": []}}, {"model": "data_tables.datacell", "pk": 83, "fields": {"row": 23, "column": 17, "data": 66, "classification": 4, "access_attributes": []}}, {"model": "data_tables.datacell", "pk": 84, "fields": {"row": 22, "column": 17, "data": 65, "classification": 4, "access_attributes": []}}, {"model": "data_tables.datacell", "pk": 85, "fields": {"row": 24, "column": 17, "data": 67, "classification": 4, "access_attributes": []}}, {"model": "data_tables.datacell", "pk": 86, "fields": {"row": 25, "column": 17, "data": 68, "classification": 4, "access_attributes": []}}, {"model": "data_tables.datacell", "pk": 87, "fields": {"row": 26, "column": 17, "data": 69, "classification": 4, "access_attributes": []}}, {"model": "data_tables.datacell", "pk": 88, "fields": {"row": 27, "column": 17, "data": 65, "classification": 4, "access_attributes": []}}, {"model": "data_tables.datacell", "pk": 89, "fields": {"row": 20, "column": 19, "data": 70, "classification": 4, "access_attributes": []}}, {"model": "data_tables.datacell", "pk": 90, "fields": {"row": 21, "column": 19, "data": 71, "classification": 4, "access_attributes": []}}, {"model": "data_tables.datacell", "pk": 91, "fields": {"row": 22, "column": 19, "data": 72, "classification": 4, "access_attributes": []}}, {"model": "data_tables.datacell", "pk": 92, "fields": {"row": 23, "column": 19, "data": 70, "classification": 4, "access_attributes": []}}, {"model": "data_tables.datacell", "pk": 93, "fields": {"row": 24, "column": 19, "data": 71, "classification": 4, "access_attributes": []}}, {"model": "data_tables.datacell", "pk": 94, "fields": {"row": 25, "column": 19, "data": 72, "classification": 4, "access_attributes": []}}, {"model": "data_tables.datacell", "pk": 95, "fields": {"row": 26, "column": 19, "data": 70, "classification": 4, "access_attributes": []}}, {"model": "data_tables.datacell", "pk": 96, "fields": {"row": 27, "column": 19, "data": 71, "classification": 4, "access_attributes": []}}, {"model": "data_tables.datacell", "pk": 97, "fields": {"row": 20, "column": 20, "data": 73, "classification": 4, "access_attributes": []}}, {"model": "data_tables.datacell", "pk": 98, "fields": {"row": 21, "column": 20, "data": 74, "classification": 4, "access_attributes": []}}, {"model": "data_tables.datacell", "pk": 99, "fields": {"row": 22, "column": 20, "data": 74, "classification": 4, "access_attributes": []}}, {"model": "data_tables.datacell", "pk": 100, "fields": {"row": 23, "column": 20, "data": 75, "classification": 4, "access_attributes": []}}, {"model": "data_tables.datacell", "pk": 101, "fields": {"row": 24, "column": 20, "data": 74, "classification": 4, "access_attributes": []}}, {"model": "data_tables.datacell", "pk": 102, "fields": {"row": 25, "column": 20, "data": 56, "classification": 4, "access_attributes": []}}, {"model": "data_tables.datacell", "pk": 103, "fields": {"row": 26, "column": 20, "data": 57, "classification": 4, "access_attributes": []}}, {"model": "data_tables.datacell", "pk": 104, "fields": {"row": 27, "column": 20, "data": 74, "classification": 4, "access_attributes": []}}, {"model": "data_tables.datacell", "pk": 105, "fields": {"row": 20, "column": 21, "data": 76, "classification": 4, "access_attributes": []}}, {"model": "data_tables.datacell", "pk": 106, "fields": {"row": 21, "column": 21, "data": 77, "classification": 4, "access_attributes": []}}, {"model": "data_tables.datacell", "pk": 107, "fields": {"row": 22, "column": 21, "data": 78, "classification": 4, "access_attributes": []}}, {"model": "data_tables.datacell", "pk": 108, "fields": {"row": 23, "column": 21, "data": 76, "classification": 4, "access_attributes": []}}, {"model": "data_tables.datacell", "pk": 109, "fields": {"row": 24, "column": 21, "data": 77, "classification": 4, "access_attributes": []}}, {"model": "data_tables.datacell", "pk": 110, "fields": {"row": 25, "column": 21, "data": 78, "classification": 4, "access_attributes": []}}, {"model": "data_tables.datacell", "pk": 111, "fields": {"row": 26, "column": 21, "data": 79, "classification": 4, "access_attributes": []}}, {"model": "data_tables.datacell", "pk": 112, "fields": {"row": 27, "column": 21, "data": 76, "classification": 4, "access_attributes": []}}, {"model": "data_tables.datacell", "pk": 113, "fields": {"row": 21, "column": 22, "data": 80, "classification": 4, "access_attributes": []}}, {"model": "data_tables.datacell", "pk": 114, "fields": {"row": 20, "column": 22, "data": 80, "classification": 4, "access_attributes": []}}, {"model": "data_tables.datacell", "pk": 115, "fields": {"row": 23, "column": 22, "data": 81, "classification": 4, "access_attributes": []}}, {"model": "data_tables.datacell", "pk": 116, "fields": {"row": 24, "column": 22, "data": 80, "classification": 4, "access_attributes": []}}, {"model": "data_tables.datacell", "pk": 117, "fields": {"row": 25, "column": 22, "data": 81, "classification": 4, "access_attributes": []}}, {"model": "data_tables.datacell", "pk": 118, "fields": {"row": 26, "column": 22, "data": 80, "classification": 4, "access_attributes": []}}, {"model": "data_tables.datacell", "pk": 119, "fields": {"row": 27, "column": 22, "data": 80, "classification": null, "access_attributes": []}}, {"model": "data_tables.datacell", "pk": 120, "fields": {"row": 20, "column": 24, "data": 82, "classification": 4, "access_attributes": []}}, {"model": "data_tables.datacell", "pk": 121, "fields": {"row": 21, "column": 24, "data": 56, "classification": 4, "access_attributes": []}}, {"model": "data_tables.datacell", "pk": 122, "fields": {"row": 22, "column": 24, "data": 83, "classification": 4, "access_attributes": []}}, {"model": "data_tables.datacell", "pk": 123, "fields": {"row": 23, "column": 24, "data": 3, "classification": 4, "access_attributes": []}}, {"model": "data_tables.datacell", "pk": 124, "fields": {"row": 24, "column": 24, "data": 56, "classification": 4, "access_attributes": []}}, {"model": "data_tables.datacell", "pk": 125, "fields": {"row": 25, "column": 24, "data": 76, "classification": 4, "access_attributes": []}}, {"model": "data_tables.datacell", "pk": 126, "fields": {"row": 26, "column": 24, "data": 83, "classification": 4, "access_attributes": []}}, {"model": "data_tables.datacell", "pk": 127, "fields": {"row": 27, "column": 24, "data": 82, "classification": 4, "access_attributes": []}}, {"model": "data_tables.datacell", "pk": 128, "fields": {"row": 20, "column": 25, "data": 84, "classification": 4, "access_attributes": []}}, {"model": "data_tables.datacell", "pk": 129, "fields": {"row": 23, "column": 25, "data": 84, "classification": 4, "access_attributes": []}}, {"model": "data_tables.datacell", "pk": 130, "fields": {"row": 26, "column": 25, "data": 84, "classification": 4, "access_attributes": []}}, {"model": "users.user", "pk": 1, "fields": {"password": "pbkdf2_sha256$600000$UAeLK1SFdRW7PJ4JNCay4p$o27U4mdKrhp0W+oUwBanDapjOqcZH4/+j4C3YOhiZsg=", "last_login": "2023-06-20T18:28:40.445Z", "is_superuser": true, "username": "admin", "first_name": "admin", "last_name": "user", "email": "admin@admin.com", "is_staff": true, "is_active": true, "date_joined": "2023-04-27T04:36:29Z", "clearance": 1, "groups": [], "user_permissions": [], "access_attributes": [1]}}, {"model": "users.user", "pk": 2, "fields": {"password": "pbkdf2_sha256$600000$EjIjN2j8EdDdUXIagu6qQv$EYSs1wpzMm1aZLPdutYFUNjyGTcF0D+4RLFGXRb/9us=", "last_login": "2023-06-20T18:31:53.991Z", "is_superuser": false, "username": "ts_user", "first_name": "ts", "last_name": "user", "email": "ts@test.com", "is_staff": false, "is_active": true, "date_joined": "2023-04-27T04:36:29.957Z", "clearance": 1, "groups": [], "user_permissions": [], "access_attributes": []}}, {"model": "users.user", "pk": 3, "fields": {"password": "pbkdf2_sha256$600000$qRBTlvD8Wp2vcglgD97Zvk$Oqigj4fQS9rWt4eXCZgizAaB5Q6GD/mvNMIa9blmFPg=", "last_login": "2023-05-11T14:00:59.683Z", "is_superuser": false, "username": "s_user", "first_name": "s", "last_name": "user", "email": "s@test.com", "is_staff": false, "is_active": true, "date_joined": "2023-04-27T04:36:30.047Z", "clearance": 2, "groups": [], "user_permissions": [], "access_attributes": []}}, {"model": "users.user", "pk": 4, "fields": {"password": "pbkdf2_sha256$600000$HBuB3jakwjWd42quMjqEMP$HxjHr9fiQYaB7qrHqW8gWUw2BNwcG9N7JpB60X9Q/dk=", "last_login": "2023-05-11T14:00:23.549Z", "is_superuser": false, "username": "c_user", "first_name": "c", "last_name": "user", "email": "c@test.com", "is_staff": false, "is_active": true, "date_joined": "2023-04-27T04:36:30.139Z", "clearance": 3, "groups": [], "user_permissions": [], "access_attributes": []}}, {"model": "users.user", "pk": 5, "fields": {"password": "pbkdf2_sha256$600000$omvGxxE6VrmA9jZw8uHEqK$WBQj4rzQAHTMDu6gbWrRVahh0XRDz0BGvhvDwGwSGvs=", "last_login": "2023-05-11T14:01:15.195Z", "is_superuser": false, "username": "u_user", "first_name": "u", "last_name": "user", "email": "u@test.com", "is_staff": false, "is_active": true, "date_joined": "2023-04-27T04:36:30.229Z", "clearance": 4, "groups": [], "user_permissions": [], "access_attributes": []}}, {"model": "users.user", "pk": 6, "fields": {"password": "pbkdf2_sha256$600000$mOq8fdh4SM2Fk2Jilg77fZ$1RuOhurdbxiD5guIg3JBx7jjVIOuQj/cXlr4CFo+HXQ=", "last_login": null, "is_superuser": false, "username": "anon", "first_name": "anon", "last_name": "user", "email": "anon@test.com", "is_staff": false, "is_active": true, "date_joined": "2023-04-27T04:36:30Z", "clearance": null, "groups": [], "user_permissions": [], "access_attributes": []}}, {"model": "users.user", "pk": 7, "fields": {"password": "pbkdf2_sha256$600000$EjIjN2j8EdDdUXIagu6qQv$EYSs1wpzMm1aZLPdutYFUNjyGTcF0D+4RLFGXRb/9us=", "last_login": "2023-05-11T14:00:46.451Z", "is_superuser": false, "username": "sci1_user", "first_name": "sci1userfirst", "last_name": "sci1userlast", "email": "sci1@test.com", "is_staff": false, "is_active": true, "date_joined": "2023-04-27T04:36:29.957Z", "clearance": 1, "groups": [], "user_permissions": [], "access_attributes": [1]}}, {"model": "users.user", "pk": 8, "fields": {"password": "pbkdf2_sha256$600000$EjIjN2j8EdDdUXIagu6qQv$EYSs1wpzMm1aZLPdutYFUNjyGTcF0D+4RLFGXRb/9us=", "last_login": "2023-06-20T18:22:58.906Z", "is_superuser": false, "username": "sci2_user", "first_name": "sci2userfirst", "last_name": "sci2usersecond", "email": "sci2@test.com", "is_staff": false, "is_active": true, "date_joined": "2023-04-27T04:36:29.957Z", "clearance": 1, "groups": [], "user_permissions": [], "access_attributes": [2]}}, {"model": "users.user", "pk": 9, "fields": {"password": "!czYoC3bpCUcr5tmQen879YMrDkW55daLne2XkdgD", "last_login": "2023-05-11T14:00:32.604Z", "is_superuser": false, "username": "ntk1_user", "first_name": "", "last_name": "", "email": "ntk1@test.com", "is_staff": false, "is_active": true, "date_joined": "2023-05-10T22:47:32.626Z", "clearance": 1, "groups": [], "user_permissions": [], "access_attributes": [4]}}, {"model": "users.user", "pk": 10, "fields": {"password": "!57hkMXOJG3qv1p9VxDzWVBTGBctMZtidYew4tV2J", "last_login": "2023-05-11T14:00:14.280Z", "is_superuser": false, "username": "all_user", "first_name": "", "last_name": "", "email": "all@test.com", "is_staff": false, "is_active": true, "date_joined": "2023-05-11T04:36:32.140Z", "clearance": 1, "groups": [], "user_permissions": [], "access_attributes": [1, 2, 3, 4, 5, 6, 7]}}, {"model": "users.user", "pk": 11, "fields": {"password": "!Bb5ly4B8njD359ZUB47QEKUHOOq88iX3Fggin3a5", "last_login": "2023-05-11T14:00:39.554Z", "is_superuser": false, "username": "ntk2_user", "first_name": "", "last_name": "", "email": "ntk2@test.com", "is_staff": false, "is_active": true, "date_joined": "2023-05-11T04:39:39.433Z", "clearance": 1, "groups": [], "user_permissions": [], "access_attributes": [5]}}, {"model": "admin.logentry", "pk": 1, "fields": {"action_time": "2023-06-20T13:39:24.231Z", "user": 1, "content_type": 7, "object_id": "1", "object_repr": "Mission Objective", "action_flag": 1, "change_message": "[{\"added\": {}}]"}}, {"model": "admin.logentry", "pk": 2, "fields": {"action_time": "2023-06-20T13:39:48.357Z", "user": 1, "content_type": 7, "object_id": "2", "object_repr": "Enemy Threat Analysis", "action_flag": 1, "change_message": "[{\"added\": {}}]"}}, {"model": "admin.logentry", "pk": 3, "fields": {"action_time": "2023-06-20T13:40:02.630Z", "user": 1, "content_type": 7, "object_id": "3", "object_repr": "Logistics and Resource Allocation", "action_flag": 1, "change_message": "[{\"added\": {}}]"}}, {"model": "admin.logentry", "pk": 4, "fields": {"action_time": "2023-06-20T13:40:26.371Z", "user": 1, "content_type": 7, "object_id": "4", "object_repr": "Security Threat Assessment", "action_flag": 1, "change_message": "[{\"added\": {}}]"}}, {"model": "admin.logentry", "pk": 5, "fields": {"action_time": "2023-06-20T13:52:36.824Z", "user": 1, "content_type": 7, "object_id": "9", "object_repr": "999993", "action_flag": 1, "change_message": "[{\"added\": {}}]"}}, {"model": "admin.logentry", "pk": 6, "fields": {"action_time": "2023-06-20T13:52:58.910Z", "user": 1, "content_type": 7, "object_id": "10", "object_repr": "99994", "action_flag": 1, "change_message": "[{\"added\": {}}]"}}, {"model": "admin.logentry", "pk": 7, "fields": {"action_time": "2023-06-20T13:53:09.461Z", "user": 1, "content_type": 7, "object_id": "10", "object_repr": "999994", "action_flag": 2, "change_message": "[{\"changed\": {\"fields\": [\"Int data\"]}}]"}}, {"model": "admin.logentry", "pk": 8, "fields": {"action_time": "2023-06-20T13:53:19.811Z", "user": 1, "content_type": 7, "object_id": "11", "object_repr": "999995", "action_flag": 1, "change_message": "[{\"added\": {}}]"}}, {"model": "admin.logentry", "pk": 9, "fields": {"action_time": "2023-06-20T13:53:30.496Z", "user": 1, "content_type": 7, "object_id": "12", "object_repr": "999997", "action_flag": 1, "change_message": "[{\"added\": {}}]"}}, {"model": "admin.logentry", "pk": 10, "fields": {"action_time": "2023-06-20T13:53:39.356Z", "user": 1, "content_type": 7, "object_id": "13", "object_repr": "999998", "action_flag": 1, "change_message": "[{\"added\": {}}]"}}, {"model": "admin.logentry", "pk": 11, "fields": {"action_time": "2023-06-20T13:53:47.897Z", "user": 1, "content_type": 7, "object_id": "14", "object_repr": "999998", "action_flag": 1, "change_message": "[{\"added\": {}}]"}}, {"model": "admin.logentry", "pk": 12, "fields": {"action_time": "2023-06-20T13:53:57.583Z", "user": 1, "content_type": 7, "object_id": "14", "object_repr": "999999", "action_flag": 2, "change_message": "[{\"changed\": {\"fields\": [\"Int data\"]}}]"}}, {"model": "admin.logentry", "pk": 13, "fields": {"action_time": "2023-06-20T13:54:07.120Z", "user": 1, "content_type": 7, "object_id": "15", "object_repr": "1000000", "action_flag": 1, "change_message": "[{\"added\": {}}]"}}, {"model": "admin.logentry", "pk": 14, "fields": {"action_time": "2023-06-20T13:54:24.349Z", "user": 1, "content_type": 7, "object_id": "16", "object_repr": "1000001", "action_flag": 1, "change_message": "[{\"added\": {}}]"}}, {"model": "admin.logentry", "pk": 15, "fields": {"action_time": "2023-06-20T13:57:02.447Z", "user": 1, "content_type": 7, "object_id": "17", "object_repr": "DataContent object (17)", "action_flag": 1, "change_message": "[{\"added\": {}}]"}}, {"model": "admin.logentry", "pk": 16, "fields": {"action_time": "2023-06-20T13:57:26.109Z", "user": 1, "content_type": 7, "object_id": "18", "object_repr": "DataContent object (18)", "action_flag": 1, "change_message": "[{\"added\": {}}]"}}, {"model": "admin.logentry", "pk": 17, "fields": {"action_time": "2023-06-20T13:57:37.723Z", "user": 1, "content_type": 7, "object_id": "19", "object_repr": "DataContent object (19)", "action_flag": 1, "change_message": "[{\"added\": {}}]"}}, {"model": "admin.logentry", "pk": 18, "fields": {"action_time": "2023-06-20T13:57:49.191Z", "user": 1, "content_type": 7, "object_id": "20", "object_repr": "DataContent object (20)", "action_flag": 1, "change_message": "[{\"added\": {}}]"}}, {"model": "admin.logentry", "pk": 19, "fields": {"action_time": "2023-06-20T13:58:02.547Z", "user": 1, "content_type": 7, "object_id": "21", "object_repr": "DataContent object (21)", "action_flag": 1, "change_message": "[{\"added\": {}}]"}}, {"model": "admin.logentry", "pk": 20, "fields": {"action_time": "2023-06-20T13:58:10.269Z", "user": 1, "content_type": 7, "object_id": "22", "object_repr": "DataContent object (22)", "action_flag": 1, "change_message": "[{\"added\": {}}]"}}, {"model": "admin.logentry", "pk": 21, "fields": {"action_time": "2023-06-20T13:58:35.673Z", "user": 1, "content_type": 7, "object_id": "23", "object_repr": "DataContent object (23)", "action_flag": 1, "change_message": "[{\"added\": {}}]"}}, {"model": "admin.logentry", "pk": 22, "fields": {"action_time": "2023-06-20T13:58:48.717Z", "user": 1, "content_type": 7, "object_id": "24", "object_repr": "DataContent object (24)", "action_flag": 1, "change_message": "[{\"added\": {}}]"}}, {"model": "admin.logentry", "pk": 23, "fields": {"action_time": "2023-06-20T14:10:05.463Z", "user": 1, "content_type": 6, "object_id": "1", "object_repr": "Cell ((20) Row in Financial Data, identifier_nfn in Financial Data)", "action_flag": 1, "change_message": "[{\"added\": {}}]"}}, {"model": "admin.logentry", "pk": 24, "fields": {"action_time": "2023-06-20T14:12:56.240Z", "user": 1, "content_type": 6, "object_id": "2", "object_repr": "Cell ((20) Row in Financial Data, date_created in Financial Data)", "action_flag": 1, "change_message": "[{\"added\": {}}]"}}, {"model": "admin.logentry", "pk": 25, "fields": {"action_time": "2023-06-20T14:18:11.326Z", "user": 1, "content_type": 7, "object_id": "25", "object_repr": "U.S.", "action_flag": 1, "change_message": "[{\"added\": {}}]"}}, {"model": "admin.logentry", "pk": 26, "fields": {"action_time": "2023-06-20T14:18:17.674Z", "user": 1, "content_type": 6, "object_id": "3", "object_repr": "Cell ((20) Row in Financial Data, country in Financial Data)", "action_flag": 1, "change_message": "[{\"added\": {}}]"}}, {"model": "admin.logentry", "pk": 27, "fields": {"action_time": "2023-06-20T14:19:00.175Z", "user": 1, "content_type": 7, "object_id": "26", "object_repr": "DIA", "action_flag": 1, "change_message": "[{\"added\": {}}]"}}, {"model": "admin.logentry", "pk": 28, "fields": {"action_time": "2023-06-20T14:19:04.828Z", "user": 1, "content_type": 6, "object_id": "4", "object_repr": "Cell ((20) Row in Financial Data, agency in Financial Data)", "action_flag": 1, "change_message": "[{\"added\": {}}]"}}, {"model": "admin.logentry", "pk": 29, "fields": {"action_time": "2023-06-20T14:19:59.237Z", "user": 1, "content_type": 7, "object_id": "27", "object_repr": "2023", "action_flag": 1, "change_message": "[{\"added\": {}}]"}}, {"model": "admin.logentry", "pk": 30, "fields": {"action_time": "2023-06-20T14:20:09.676Z", "user": 1, "content_type": 6, "object_id": "5", "object_repr": "Cell ((20) Row in Financial Data, fiscal_year in Financial Data)", "action_flag": 1, "change_message": "[{\"added\": {}}]"}}, {"model": "admin.logentry", "pk": 31, "fields": {"action_time": "2023-06-20T14:24:22.664Z", "user": 1, "content_type": 6, "object_id": "5", "object_repr": "Cell ((20) Row in Financial Data, fiscal_year in Financial Data)", "action_flag": 2, "change_message": "[{\"changed\": {\"fields\": [\"Classification\"]}}]"}}, {"model": "admin.logentry", "pk": 32, "fields": {"action_time": "2023-06-20T14:24:43.987Z", "user": 1, "content_type": 6, "object_id": "6", "object_repr": "Cell ((21) Row in Financial Data, identifier_nfn in Financial Data)", "action_flag": 1, "change_message": "[{\"added\": {}}]"}}, {"model": "admin.logentry", "pk": 33, "fields": {"action_time": "2023-06-20T14:25:15.276Z", "user": 1, "content_type": 6, "object_id": "7", "object_repr": "Cell ((21) Row in Financial Data, date_created in Financial Data)", "action_flag": 1, "change_message": "[{\"added\": {}}]"}}, {"model": "admin.logentry", "pk": 34, "fields": {"action_time": "2023-06-20T14:25:49.662Z", "user": 1, "content_type": 6, "object_id": "8", "object_repr": "Cell ((21) Row in Financial Data, country in Financial Data)", "action_flag": 1, "change_message": "[{\"added\": {}}]"}}, {"model": "admin.logentry", "pk": 35, "fields": {"action_time": "2023-06-20T14:26:17.457Z", "user": 1, "content_type": 6, "object_id": "9", "object_repr": "Cell ((21) Row in Financial Data, agency in Financial Data)", "action_flag": 1, "change_message": "[{\"added\": {}}]"}}, {"model": "admin.logentry", "pk": 36, "fields": {"action_time": "2023-06-20T14:26:43.012Z", "user": 1, "content_type": 6, "object_id": "10", "object_repr": "Cell ((21) Row in Financial Data, fiscal_year in Financial Data)", "action_flag": 1, "change_message": "[{\"added\": {}}]"}}, {"model": "admin.logentry", "pk": 37, "fields": {"action_time": "2023-06-20T14:27:17.226Z", "user": 1, "content_type": 6, "object_id": "11", "object_repr": "Cell ((23) Row in Financial Data, identifier_nfn in Financial Data)", "action_flag": 1, "change_message": "[{\"added\": {}}]"}}, {"model": "admin.logentry", "pk": 38, "fields": {"action_time": "2023-06-20T14:28:00.364Z", "user": 1, "content_type": 6, "object_id": "12", "object_repr": "Cell ((22) Row in Financial Data, identifier_nfn in Financial Data)", "action_flag": 1, "change_message": "[{\"added\": {}}]"}}, {"model": "admin.logentry", "pk": 39, "fields": {"action_time": "2023-06-20T14:28:37.303Z", "user": 1, "content_type": 6, "object_id": "13", "object_repr": "Cell ((22) Row in Financial Data, date_created in Financial Data)", "action_flag": 1, "change_message": "[{\"added\": {}}]"}}, {"model": "admin.logentry", "pk": 40, "fields": {"action_time": "2023-06-20T14:29:04.328Z", "user": 1, "content_type": 6, "object_id": "14", "object_repr": "Cell ((23) Row in Financial Data, date_created in Financial Data)", "action_flag": 1, "change_message": "[{\"added\": {}}]"}}, {"model": "admin.logentry", "pk": 41, "fields": {"action_time": "2023-06-20T14:29:31.474Z", "user": 1, "content_type": 6, "object_id": "15", "object_repr": "Cell ((22) Row in Financial Data, country in Financial Data)", "action_flag": 1, "change_message": "[{\"added\": {}}]"}}, {"model": "admin.logentry", "pk": 42, "fields": {"action_time": "2023-06-20T14:29:48.645Z", "user": 1, "content_type": 6, "object_id": "16", "object_repr": "Cell ((23) Row in Financial Data, country in Financial Data)", "action_flag": 1, "change_message": "[{\"added\": {}}]"}}, {"model": "admin.logentry", "pk": 43, "fields": {"action_time": "2023-06-20T14:30:09.043Z", "user": 1, "content_type": 6, "object_id": "17", "object_repr": "Cell ((22) Row in Financial Data, agency in Financial Data)", "action_flag": 1, "change_message": "[{\"added\": {}}]"}}, {"model": "admin.logentry", "pk": 44, "fields": {"action_time": "2023-06-20T14:30:25.088Z", "user": 1, "content_type": 6, "object_id": "18", "object_repr": "Cell ((23) Row in Financial Data, agency in Financial Data)", "action_flag": 1, "change_message": "[{\"added\": {}}]"}}, {"model": "admin.logentry", "pk": 45, "fields": {"action_time": "2023-06-20T14:38:05.421Z", "user": 1, "content_type": 6, "object_id": "19", "object_repr": "Cell ((22) Row in Financial Data, fiscal_year in Financial Data)", "action_flag": 1, "change_message": "[{\"added\": {}}]"}}, {"model": "admin.logentry", "pk": 46, "fields": {"action_time": "2023-06-20T14:38:23.306Z", "user": 1, "content_type": 6, "object_id": "20", "object_repr": "Cell ((23) Row in Financial Data, fiscal_year in Financial Data)", "action_flag": 1, "change_message": "[{\"added\": {}}]"}}, {"model": "admin.logentry", "pk": 47, "fields": {"action_time": "2023-06-20T14:39:31.903Z", "user": 1, "content_type": 6, "object_id": "21", "object_repr": "Cell ((24) Row in Financial Data, identifier_nfn in Financial Data)", "action_flag": 1, "change_message": "[{\"added\": {}}]"}}, {"model": "admin.logentry", "pk": 48, "fields": {"action_time": "2023-06-20T14:39:49.696Z", "user": 1, "content_type": 6, "object_id": "22", "object_repr": "Cell ((25) Row in Financial Data, identifier_nfn in Financial Data)", "action_flag": 1, "change_message": "[{\"added\": {}}]"}}, {"model": "admin.logentry", "pk": 49, "fields": {"action_time": "2023-06-20T14:40:25.658Z", "user": 1, "content_type": 6, "object_id": "23", "object_repr": "Cell ((24) Row in Financial Data, date_created in Financial Data)", "action_flag": 1, "change_message": "[{\"added\": {}}]"}}, {"model": "admin.logentry", "pk": 50, "fields": {"action_time": "2023-06-20T14:40:41.924Z", "user": 1, "content_type": 6, "object_id": "24", "object_repr": "Cell ((25) Row in Financial Data, date_created in Financial Data)", "action_flag": 1, "change_message": "[{\"added\": {}}]"}}, {"model": "admin.logentry", "pk": 51, "fields": {"action_time": "2023-06-20T14:41:01.995Z", "user": 1, "content_type": 6, "object_id": "25", "object_repr": "Cell ((24) Row in Financial Data, country in Financial Data)", "action_flag": 1, "change_message": "[{\"added\": {}}]"}}, {"model": "admin.logentry", "pk": 52, "fields": {"action_time": "2023-06-20T14:41:16.304Z", "user": 1, "content_type": 6, "object_id": "26", "object_repr": "Cell ((25) Row in Financial Data, country in Financial Data)", "action_flag": 1, "change_message": "[{\"added\": {}}]"}}, {"model": "admin.logentry", "pk": 53, "fields": {"action_time": "2023-06-20T14:41:38.541Z", "user": 1, "content_type": 6, "object_id": "27", "object_repr": "Cell ((24) Row in Financial Data, agency in Financial Data)", "action_flag": 1, "change_message": "[{\"added\": {}}]"}}, {"model": "admin.logentry", "pk": 54, "fields": {"action_time": "2023-06-20T14:41:54.078Z", "user": 1, "content_type": 6, "object_id": "28", "object_repr": "Cell ((25) Row in Financial Data, agency in Financial Data)", "action_flag": 1, "change_message": "[{\"added\": {}}]"}}, {"model": "admin.logentry", "pk": 55, "fields": {"action_time": "2023-06-20T14:42:37.823Z", "user": 1, "content_type": 7, "object_id": "28", "object_repr": "2022", "action_flag": 1, "change_message": "[{\"added\": {}}]"}}, {"model": "admin.logentry", "pk": 56, "fields": {"action_time": "2023-06-20T14:42:56.808Z", "user": 1, "content_type": 6, "object_id": "29", "object_repr": "Cell ((24) Row in Financial Data, fiscal_year in Financial Data)", "action_flag": 1, "change_message": "[{\"added\": {}}]"}}, {"model": "admin.logentry", "pk": 57, "fields": {"action_time": "2023-06-20T14:43:11.522Z", "user": 1, "content_type": 6, "object_id": "30", "object_repr": "Cell ((25) Row in Financial Data, fiscal_year in Financial Data)", "action_flag": 1, "change_message": "[{\"added\": {}}]"}}, {"model": "admin.logentry", "pk": 58, "fields": {"action_time": "2023-06-20T14:43:33.163Z", "user": 1, "content_type": 6, "object_id": "19", "object_repr": "Cell ((22) Row in Financial Data, fiscal_year in Financial Data)", "action_flag": 2, "change_message": "[{\"changed\": {\"fields\": [\"Data\"]}}]"}}, {"model": "admin.logentry", "pk": 59, "fields": {"action_time": "2023-06-20T14:52:41.839Z", "user": 1, "content_type": 6, "object_id": "31", "object_repr": "Cell ((26) Row in Financial Data, identifier_nfn in Financial Data)", "action_flag": 1, "change_message": "[{\"added\": {}}]"}}, {"model": "admin.logentry", "pk": 60, "fields": {"action_time": "2023-06-20T14:52:58.212Z", "user": 1, "content_type": 6, "object_id": "32", "object_repr": "Cell ((27) Row in Financial Data, identifier_nfn in Financial Data)", "action_flag": 1, "change_message": "[{\"added\": {}}]"}}, {"model": "admin.logentry", "pk": 61, "fields": {"action_time": "2023-06-20T14:53:26.646Z", "user": 1, "content_type": 6, "object_id": "33", "object_repr": "Cell ((26) Row in Financial Data, date_created in Financial Data)", "action_flag": 1, "change_message": "[{\"added\": {}}]"}}, {"model": "admin.logentry", "pk": 62, "fields": {"action_time": "2023-06-20T14:53:43.341Z", "user": 1, "content_type": 6, "object_id": "34", "object_repr": "Cell ((27) Row in Financial Data, date_created in Financial Data)", "action_flag": 1, "change_message": "[{\"added\": {}}]"}}, {"model": "admin.logentry", "pk": 63, "fields": {"action_time": "2023-06-20T14:54:08.421Z", "user": 1, "content_type": 6, "object_id": "35", "object_repr": "Cell ((26) Row in Financial Data, country in Financial Data)", "action_flag": 1, "change_message": "[{\"added\": {}}]"}}, {"model": "admin.logentry", "pk": 64, "fields": {"action_time": "2023-06-20T14:54:22.923Z", "user": 1, "content_type": 6, "object_id": "36", "object_repr": "Cell ((27) Row in Financial Data, country in Financial Data)", "action_flag": 1, "change_message": "[{\"added\": {}}]"}}, {"model": "admin.logentry", "pk": 65, "fields": {"action_time": "2023-06-20T14:54:41.457Z", "user": 1, "content_type": 6, "object_id": "37", "object_repr": "Cell ((26) Row in Financial Data, agency in Financial Data)", "action_flag": 1, "change_message": "[{\"added\": {}}]"}}, {"model": "admin.logentry", "pk": 66, "fields": {"action_time": "2023-06-20T14:54:55.446Z", "user": 1, "content_type": 6, "object_id": "38", "object_repr": "Cell ((27) Row in Financial Data, agency in Financial Data)", "action_flag": 1, "change_message": "[{\"added\": {}}]"}}, {"model": "admin.logentry", "pk": 67, "fields": {"action_time": "2023-06-20T14:55:39.100Z", "user": 1, "content_type": 7, "object_id": "29", "object_repr": "2021", "action_flag": 1, "change_message": "[{\"added\": {}}]"}}, {"model": "admin.logentry", "pk": 68, "fields": {"action_time": "2023-06-20T14:55:43.442Z", "user": 1, "content_type": 6, "object_id": "39", "object_repr": "Cell ((26) Row in Financial Data, fiscal_year in Financial Data)", "action_flag": 1, "change_message": "[{\"added\": {}}]"}}, {"model": "admin.logentry", "pk": 69, "fields": {"action_time": "2023-06-20T14:56:09.483Z", "user": 1, "content_type": 6, "object_id": "40", "object_repr": "Cell ((27) Row in Financial Data, fiscal_year in Financial Data)", "action_flag": 1, "change_message": "[{\"added\": {}}]"}}, {"model": "admin.logentry", "pk": 70, "fields": {"action_time": "2023-06-20T15:35:47.202Z", "user": 1, "content_type": 7, "object_id": "30", "object_repr": "US-4567", "action_flag": 1, "change_message": "[{\"added\": {}}]"}}, {"model": "admin.logentry", "pk": 71, "fields": {"action_time": "2023-06-20T15:35:52.970Z", "user": 1, "content_type": 6, "object_id": "41", "object_repr": "Cell ((20) Row in Financial Data, financial_form in Financial Data)", "action_flag": 1, "change_message": "[{\"added\": {}}]"}}, {"model": "admin.logentry", "pk": 72, "fields": {"action_time": "2023-06-20T15:36:14.313Z", "user": 1, "content_type": 7, "object_id": "31", "object_repr": "US-1234", "action_flag": 1, "change_message": "[{\"added\": {}}]"}}, {"model": "admin.logentry", "pk": 73, "fields": {"action_time": "2023-06-20T15:36:18.668Z", "user": 1, "content_type": 6, "object_id": "42", "object_repr": "Cell ((21) Row in Financial Data, financial_form in Financial Data)", "action_flag": 1, "change_message": "[{\"added\": {}}]"}}, {"model": "admin.logentry", "pk": 74, "fields": {"action_time": "2023-06-20T15:36:42.063Z", "user": 1, "content_type": 7, "object_id": "32", "object_repr": "US-1357", "action_flag": 1, "change_message": "[{\"added\": {}}]"}}, {"model": "admin.logentry", "pk": 75, "fields": {"action_time": "2023-06-20T15:36:46.740Z", "user": 1, "content_type": 6, "object_id": "43", "object_repr": "Cell ((23) Row in Financial Data, financial_form in Financial Data)", "action_flag": 1, "change_message": "[{\"added\": {}}]"}}, {"model": "admin.logentry", "pk": 76, "fields": {"action_time": "2023-06-20T15:37:20.504Z", "user": 1, "content_type": 7, "object_id": "33", "object_repr": "US-2468", "action_flag": 1, "change_message": "[{\"added\": {}}]"}}, {"model": "admin.logentry", "pk": 77, "fields": {"action_time": "2023-06-20T15:37:26.496Z", "user": 1, "content_type": 6, "object_id": "44", "object_repr": "Cell ((22) Row in Financial Data, financial_form in Financial Data)", "action_flag": 1, "change_message": "[{\"added\": {}}]"}}, {"model": "admin.logentry", "pk": 78, "fields": {"action_time": "2023-06-20T15:38:15.068Z", "user": 1, "content_type": 6, "object_id": "45", "object_repr": "Cell ((24) Row in Financial Data, financial_form in Financial Data)", "action_flag": 1, "change_message": "[{\"added\": {}}]"}}, {"model": "admin.logentry", "pk": 79, "fields": {"action_time": "2023-06-20T15:38:29.450Z", "user": 1, "content_type": 6, "object_id": "46", "object_repr": "Cell ((25) Row in Financial Data, financial_form in Financial Data)", "action_flag": 1, "change_message": "[{\"added\": {}}]"}}, {"model": "admin.logentry", "pk": 80, "fields": {"action_time": "2023-06-20T15:38:48.472Z", "user": 1, "content_type": 6, "object_id": "47", "object_repr": "Cell ((26) Row in Financial Data, financial_form in Financial Data)", "action_flag": 1, "change_message": "[{\"added\": {}}]"}}, {"model": "admin.logentry", "pk": 81, "fields": {"action_time": "2023-06-20T15:39:02.576Z", "user": 1, "content_type": 6, "object_id": "48", "object_repr": "Cell ((27) Row in Financial Data, financial_form in Financial Data)", "action_flag": 1, "change_message": "[{\"added\": {}}]"}}, {"model": "admin.logentry", "pk": 82, "fields": {"action_time": "2023-06-20T16:01:48.466Z", "user": 1, "content_type": 7, "object_id": "34", "object_repr": "1200000.00", "action_flag": 1, "change_message": "[{\"added\": {}}]"}}, {"model": "admin.logentry", "pk": 83, "fields": {"action_time": "2023-06-20T16:01:53.834Z", "user": 1, "content_type": 6, "object_id": "49", "object_repr": "Cell ((20) Row in Financial Data, dollar_amount in Financial Data)", "action_flag": 1, "change_message": "[{\"added\": {}}]"}}, {"model": "admin.logentry", "pk": 84, "fields": {"action_time": "2023-06-20T16:03:32.540Z", "user": 1, "content_type": 7, "object_id": "35", "object_repr": "4000000.00", "action_flag": 1, "change_message": "[{\"added\": {}}]"}}, {"model": "admin.logentry", "pk": 85, "fields": {"action_time": "2023-06-20T16:03:36.867Z", "user": 1, "content_type": 6, "object_id": "50", "object_repr": "Cell ((21) Row in Financial Data, dollar_amount in Financial Data)", "action_flag": 1, "change_message": "[{\"added\": {}}]"}}, {"model": "admin.logentry", "pk": 86, "fields": {"action_time": "2023-06-20T16:04:04.200Z", "user": 1, "content_type": 7, "object_id": "36", "object_repr": "650000.00", "action_flag": 1, "change_message": "[{\"added\": {}}]"}}, {"model": "admin.logentry", "pk": 87, "fields": {"action_time": "2023-06-20T16:04:08.544Z", "user": 1, "content_type": 6, "object_id": "51", "object_repr": "Cell ((22) Row in Financial Data, dollar_amount in Financial Data)", "action_flag": 1, "change_message": "[{\"added\": {}}]"}}, {"model": "admin.logentry", "pk": 88, "fields": {"action_time": "2023-06-20T16:04:23.992Z", "user": 1, "content_type": 7, "object_id": "37", "object_repr": "1000000.00", "action_flag": 1, "change_message": "[{\"added\": {}}]"}}, {"model": "admin.logentry", "pk": 89, "fields": {"action_time": "2023-06-20T16:04:26.154Z", "user": 1, "content_type": 6, "object_id": "52", "object_repr": "Cell ((23) Row in Financial Data, dollar_amount in Financial Data)", "action_flag": 1, "change_message": "[{\"added\": {}}]"}}, {"model": "admin.logentry", "pk": 90, "fields": {"action_time": "2023-06-20T16:46:22.174Z", "user": 1, "content_type": 7, "object_id": "38", "object_repr": "120000.00", "action_flag": 1, "change_message": "[{\"added\": {}}]"}}, {"model": "admin.logentry", "pk": 91, "fields": {"action_time": "2023-06-20T16:46:28.172Z", "user": 1, "content_type": 6, "object_id": "53", "object_repr": "Cell ((24) Row in Financial Data, dollar_amount in Financial Data)", "action_flag": 1, "change_message": "[{\"added\": {}}]"}}, {"model": "admin.logentry", "pk": 92, "fields": {"action_time": "2023-06-20T16:47:00.503Z", "user": 1, "content_type": 7, "object_id": "39", "object_repr": "650000.00", "action_flag": 1, "change_message": "[{\"added\": {}}]"}}, {"model": "admin.logentry", "pk": 93, "fields": {"action_time": "2023-06-20T16:47:06.711Z", "user": 1, "content_type": 6, "object_id": "54", "object_repr": "Cell ((25) Row in Financial Data, dollar_amount in Financial Data)", "action_flag": 1, "change_message": "[{\"added\": {}}]"}}, {"model": "admin.logentry", "pk": 94, "fields": {"action_time": "2023-06-20T16:47:38.862Z", "user": 1, "content_type": 7, "object_id": "40", "object_repr": "750000.00", "action_flag": 1, "change_message": "[{\"added\": {}}]"}}, {"model": "admin.logentry", "pk": 95, "fields": {"action_time": "2023-06-20T16:47:44.893Z", "user": 1, "content_type": 6, "object_id": "55", "object_repr": "Cell ((26) Row in Financial Data, dollar_amount in Financial Data)", "action_flag": 1, "change_message": "[{\"added\": {}}]"}}, {"model": "admin.logentry", "pk": 96, "fields": {"action_time": "2023-06-20T16:48:24.291Z", "user": 1, "content_type": 7, "object_id": "41", "object_repr": "9000000.00", "action_flag": 1, "change_message": "[{\"added\": {}}]"}}, {"model": "admin.logentry", "pk": 97, "fields": {"action_time": "2023-06-20T16:48:30.280Z", "user": 1, "content_type": 6, "object_id": "56", "object_repr": "Cell ((27) Row in Financial Data, dollar_amount in Financial Data)", "action_flag": 1, "change_message": "[{\"added\": {}}]"}}, {"model": "admin.logentry", "pk": 98, "fields": {"action_time": "2023-06-20T17:01:59.204Z", "user": 1, "content_type": 7, "object_id": "42", "object_repr": "pop rogers", "action_flag": 1, "change_message": "[{\"added\": {}}]"}}, {"model": "admin.logentry", "pk": 99, "fields": {"action_time": "2023-06-20T17:02:05.334Z", "user": 1, "content_type": 6, "object_id": "57", "object_repr": "Cell ((20) Row in Financial Data, project in Financial Data)", "action_flag": 1, "change_message": "[{\"added\": {}}]"}}, {"model": "admin.logentry", "pk": 100, "fields": {"action_time": "2023-06-20T17:02:37.231Z", "user": 1, "content_type": 7, "object_id": "43", "object_repr": "ray stinger", "action_flag": 1, "change_message": "[{\"added\": {}}]"}}, {"model": "admin.logentry", "pk": 101, "fields": {"action_time": "2023-06-20T17:02:42.003Z", "user": 1, "content_type": 6, "object_id": "58", "object_repr": "Cell ((21) Row in Financial Data, project in Financial Data)", "action_flag": 1, "change_message": "[{\"added\": {}}]"}}, {"model": "admin.logentry", "pk": 102, "fields": {"action_time": "2023-06-20T17:03:39.962Z", "user": 1, "content_type": 7, "object_id": "44", "object_repr": "DCO Ops", "action_flag": 1, "change_message": "[{\"added\": {}}]"}}, {"model": "admin.logentry", "pk": 103, "fields": {"action_time": "2023-06-20T17:03:45.306Z", "user": 1, "content_type": 6, "object_id": "59", "object_repr": "Cell ((22) Row in Financial Data, project in Financial Data)", "action_flag": 1, "change_message": "[{\"added\": {}}]"}}, {"model": "admin.logentry", "pk": 104, "fields": {"action_time": "2023-06-20T17:04:30.054Z", "user": 1, "content_type": 7, "object_id": "45", "object_repr": "Matchbox", "action_flag": 1, "change_message": "[{\"added\": {}}]"}}, {"model": "admin.logentry", "pk": 105, "fields": {"action_time": "2023-06-20T17:04:34.625Z", "user": 1, "content_type": 6, "object_id": "60", "object_repr": "Cell ((23) Row in Financial Data, project in Financial Data)", "action_flag": 1, "change_message": "[{\"added\": {}}]"}}, {"model": "admin.logentry", "pk": 106, "fields": {"action_time": "2023-06-20T17:05:04.103Z", "user": 1, "content_type": 7, "object_id": "46", "object_repr": "Blackbox", "action_flag": 1, "change_message": "[{\"added\": {}}]"}}, {"model": "admin.logentry", "pk": 107, "fields": {"action_time": "2023-06-20T17:05:09.076Z", "user": 1, "content_type": 6, "object_id": "61", "object_repr": "Cell ((24) Row in Financial Data, project in Financial Data)", "action_flag": 1, "change_message": "[{\"added\": {}}]"}}, {"model": "admin.logentry", "pk": 108, "fields": {"action_time": "2023-06-20T17:06:31.304Z", "user": 1, "content_type": 7, "object_id": "47", "object_repr": "Talon Needs", "action_flag": 1, "change_message": "[{\"added\": {}}]"}}, {"model": "admin.logentry", "pk": 109, "fields": {"action_time": "2023-06-20T17:06:36.685Z", "user": 1, "content_type": 6, "object_id": "62", "object_repr": "Cell ((25) Row in Financial Data, project in Financial Data)", "action_flag": 1, "change_message": "[{\"added\": {}}]"}}, {"model": "admin.logentry", "pk": 110, "fields": {"action_time": "2023-06-20T17:07:04.866Z", "user": 1, "content_type": 7, "object_id": "48", "object_repr": "Osprey Ops", "action_flag": 1, "change_message": "[{\"added\": {}}]"}}, {"model": "admin.logentry", "pk": 111, "fields": {"action_time": "2023-06-20T17:07:11.702Z", "user": 1, "content_type": 6, "object_id": "63", "object_repr": "Cell ((26) Row in Financial Data, project in Financial Data)", "action_flag": 1, "change_message": "[{\"added\": {}}]"}}, {"model": "admin.logentry", "pk": 112, "fields": {"action_time": "2023-06-20T17:08:00.878Z", "user": 1, "content_type": 7, "object_id": "49", "object_repr": "Twin Lightning", "action_flag": 1, "change_message": "[{\"added\": {}}]"}}, {"model": "admin.logentry", "pk": 113, "fields": {"action_time": "2023-06-20T17:08:07.552Z", "user": 1, "content_type": 6, "object_id": "64", "object_repr": "Cell ((27) Row in Financial Data, project in Financial Data)", "action_flag": 1, "change_message": "[{\"added\": {}}]"}}, {"model": "admin.logentry", "pk": 114, "fields": {"action_time": "2023-06-20T17:21:09.373Z", "user": 1, "content_type": 7, "object_id": "50", "object_repr": "Distinct diplomat visit", "action_flag": 1, "change_message": "[{\"added\": {}}]"}}, {"model": "admin.logentry", "pk": 115, "fields": {"action_time": "2023-06-20T17:21:13.357Z", "user": 1, "content_type": 6, "object_id": "65", "object_repr": "Cell ((20) Row in Financial Data, background in Financial Data)", "action_flag": 1, "change_message": "[{\"added\": {}}]"}}, {"model": "admin.logentry", "pk": 116, "fields": {"action_time": "2023-06-20T17:21:59.093Z", "user": 1, "content_type": 7, "object_id": "51", "object_repr": "stinger the singer", "action_flag": 1, "change_message": "[{\"added\": {}}]"}}, {"model": "admin.logentry", "pk": 117, "fields": {"action_time": "2023-06-20T17:22:03.992Z", "user": 1, "content_type": 6, "object_id": "66", "object_repr": "Cell ((21) Row in Financial Data, background in Financial Data)", "action_flag": 1, "change_message": "[{\"added\": {}}]"}}, {"model": "admin.logentry", "pk": 118, "fields": {"action_time": "2023-06-20T17:22:39.640Z", "user": 1, "content_type": 7, "object_id": "52", "object_repr": "Cyber operational needs", "action_flag": 1, "change_message": "[{\"added\": {}}]"}}, {"model": "admin.logentry", "pk": 119, "fields": {"action_time": "2023-06-20T17:22:44.402Z", "user": 1, "content_type": 6, "object_id": "67", "object_repr": "Cell ((22) Row in Financial Data, background in Financial Data)", "action_flag": 1, "change_message": "[{\"added\": {}}]"}}, {"model": "admin.logentry", "pk": 120, "fields": {"action_time": "2023-06-20T17:23:28.445Z", "user": 1, "content_type": 7, "object_id": "53", "object_repr": "Morale concert needs", "action_flag": 1, "change_message": "[{\"added\": {}}]"}}, {"model": "admin.logentry", "pk": 121, "fields": {"action_time": "2023-06-20T17:23:33.529Z", "user": 1, "content_type": 6, "object_id": "68", "object_repr": "Cell ((23) Row in Financial Data, background in Financial Data)", "action_flag": 1, "change_message": "[{\"added\": {}}]"}}, {"model": "admin.logentry", "pk": 122, "fields": {"action_time": "2023-06-20T17:24:42.315Z", "user": 1, "content_type": 7, "object_id": "54", "object_repr": "Platform modifications", "action_flag": 1, "change_message": "[{\"added\": {}}]"}}, {"model": "admin.logentry", "pk": 123, "fields": {"action_time": "2023-06-20T17:24:51.548Z", "user": 1, "content_type": 6, "object_id": "69", "object_repr": "Cell ((24) Row in Financial Data, background in Financial Data)", "action_flag": 1, "change_message": "[{\"added\": {}}]"}}, {"model": "admin.logentry", "pk": 124, "fields": {"action_time": "2023-06-20T17:25:20.460Z", "user": 1, "content_type": 7, "object_id": "55", "object_repr": "Specs modification", "action_flag": 1, "change_message": "[{\"added\": {}}]"}}, {"model": "admin.logentry", "pk": 125, "fields": {"action_time": "2023-06-20T17:25:24.333Z", "user": 1, "content_type": 6, "object_id": "70", "object_repr": "Cell ((25) Row in Financial Data, background in Financial Data)", "action_flag": 1, "change_message": "[{\"added\": {}}]"}}, {"model": "admin.logentry", "pk": 126, "fields": {"action_time": "2023-06-20T17:26:24.542Z", "user": 1, "content_type": 7, "object_id": "56", "object_repr": "Maintenance financial requirements", "action_flag": 1, "change_message": "[{\"added\": {}}]"}}, {"model": "admin.logentry", "pk": 127, "fields": {"action_time": "2023-06-20T17:26:28.399Z", "user": 1, "content_type": 6, "object_id": "71", "object_repr": "Cell ((26) Row in Financial Data, background in Financial Data)", "action_flag": 1, "change_message": "[{\"added\": {}}]"}}, {"model": "admin.logentry", "pk": 128, "fields": {"action_time": "2023-06-20T17:27:15.187Z", "user": 1, "content_type": 7, "object_id": "57", "object_repr": "Hardware/Software upgrades", "action_flag": 1, "change_message": "[{\"added\": {}}]"}}, {"model": "admin.logentry", "pk": 129, "fields": {"action_time": "2023-06-20T17:27:20.285Z", "user": 1, "content_type": 6, "object_id": "72", "object_repr": "Cell ((27) Row in Financial Data, background in Financial Data)", "action_flag": 1, "change_message": "[{\"added\": {}}]"}}, {"model": "admin.logentry", "pk": 130, "fields": {"action_time": "2023-06-20T17:33:56.234Z", "user": 1, "content_type": 7, "object_id": "58", "object_repr": "USMC", "action_flag": 1, "change_message": "[{\"added\": {}}]"}}, {"model": "admin.logentry", "pk": 131, "fields": {"action_time": "2023-06-20T17:34:02.065Z", "user": 1, "content_type": 6, "object_id": "73", "object_repr": "Cell ((20) Row in Financial Data, office_branch in Financial Data)", "action_flag": 1, "change_message": "[{\"added\": {}}]"}}, {"model": "admin.logentry", "pk": 132, "fields": {"action_time": "2023-06-20T17:34:22.884Z", "user": 1, "content_type": 7, "object_id": "59", "object_repr": "USAF", "action_flag": 1, "change_message": "[{\"added\": {}}]"}}, {"model": "admin.logentry", "pk": 133, "fields": {"action_time": "2023-06-20T17:34:29.243Z", "user": 1, "content_type": 6, "object_id": "74", "object_repr": "Cell ((21) Row in Financial Data, office_branch in Financial Data)", "action_flag": 1, "change_message": "[{\"added\": {}}]"}}, {"model": "admin.logentry", "pk": 134, "fields": {"action_time": "2023-06-20T17:35:02.537Z", "user": 1, "content_type": 7, "object_id": "60", "object_repr": "USCG", "action_flag": 1, "change_message": "[{\"added\": {}}]"}}, {"model": "admin.logentry", "pk": 135, "fields": {"action_time": "2023-06-20T17:35:06.433Z", "user": 1, "content_type": 6, "object_id": "75", "object_repr": "Cell ((22) Row in Financial Data, office_branch in Financial Data)", "action_flag": 1, "change_message": "[{\"added\": {}}]"}}, {"model": "admin.logentry", "pk": 136, "fields": {"action_time": "2023-06-20T17:35:48.166Z", "user": 1, "content_type": 7, "object_id": "61", "object_repr": "Research Commission", "action_flag": 1, "change_message": "[{\"added\": {}}]"}}, {"model": "admin.logentry", "pk": 137, "fields": {"action_time": "2023-06-20T17:35:51.862Z", "user": 1, "content_type": 6, "object_id": "76", "object_repr": "Cell ((23) Row in Financial Data, office_branch in Financial Data)", "action_flag": 1, "change_message": "[{\"added\": {}}]"}}, {"model": "admin.logentry", "pk": 138, "fields": {"action_time": "2023-06-20T17:45:22.371Z", "user": 1, "content_type": 7, "object_id": "62", "object_repr": "DISA", "action_flag": 1, "change_message": "[{\"added\": {}}]"}}, {"model": "admin.logentry", "pk": 139, "fields": {"action_time": "2023-06-20T17:45:26.356Z", "user": 1, "content_type": 6, "object_id": "77", "object_repr": "Cell ((24) Row in Financial Data, office_branch in Financial Data)", "action_flag": 1, "change_message": "[{\"added\": {}}]"}}, {"model": "admin.logentry", "pk": 140, "fields": {"action_time": "2023-06-20T17:45:53.664Z", "user": 1, "content_type": 6, "object_id": "78", "object_repr": "Cell ((25) Row in Financial Data, office_branch in Financial Data)", "action_flag": 1, "change_message": "[{\"added\": {}}]"}}, {"model": "admin.logentry", "pk": 141, "fields": {"action_time": "2023-06-20T17:46:17.086Z", "user": 1, "content_type": 6, "object_id": "79", "object_repr": "Cell ((26) Row in Financial Data, office_branch in Financial Data)", "action_flag": 1, "change_message": "[{\"added\": {}}]"}}, {"model": "admin.logentry", "pk": 142, "fields": {"action_time": "2023-06-20T17:46:36.938Z", "user": 1, "content_type": 6, "object_id": "80", "object_repr": "Cell ((27) Row in Financial Data, office_branch in Financial Data)", "action_flag": 1, "change_message": "[{\"added\": {}}]"}}, {"model": "admin.logentry", "pk": 143, "fields": {"action_time": "2023-06-20T17:48:37.893Z", "user": 1, "content_type": 7, "object_id": "63", "object_repr": "13 INF BDE", "action_flag": 1, "change_message": "[{\"added\": {}}]"}}, {"model": "admin.logentry", "pk": 144, "fields": {"action_time": "2023-06-20T17:48:42.071Z", "user": 1, "content_type": 6, "object_id": "81", "object_repr": "Cell ((20) Row in Financial Data, organization in Financial Data)", "action_flag": 1, "change_message": "[{\"added\": {}}]"}}, {"model": "admin.logentry", "pk": 145, "fields": {"action_time": "2023-06-20T17:49:10.721Z", "user": 1, "content_type": 7, "object_id": "64", "object_repr": "46 COS", "action_flag": 1, "change_message": "[{\"added\": {}}]"}}, {"model": "admin.logentry", "pk": 146, "fields": {"action_time": "2023-06-20T17:49:15.789Z", "user": 1, "content_type": 6, "object_id": "82", "object_repr": "Cell ((21) Row in Financial Data, organization in Financial Data)", "action_flag": 1, "change_message": "[{\"added\": {}}]"}}, {"model": "admin.logentry", "pk": 147, "fields": {"action_time": "2023-06-20T17:49:47.523Z", "user": 1, "content_type": 7, "object_id": "65", "object_repr": "40 Guard BN", "action_flag": 1, "change_message": "[{\"added\": {}}]"}}, {"model": "admin.logentry", "pk": 148, "fields": {"action_time": "2023-06-20T17:49:51.879Z", "user": 1, "content_type": 6, "object_id": "83", "object_repr": "Cell ((23) Row in Financial Data, organization in Financial Data)", "action_flag": 1, "change_message": "[{\"added\": {}}]"}}, {"model": "admin.logentry", "pk": 149, "fields": {"action_time": "2023-06-20T17:50:35.575Z", "user": 1, "content_type": 6, "object_id": "84", "object_repr": "Cell ((22) Row in Financial Data, organization in Financial Data)", "action_flag": 1, "change_message": "[{\"added\": {}}]"}}, {"model": "admin.logentry", "pk": 150, "fields": {"action_time": "2023-06-20T17:51:14.046Z", "user": 1, "content_type": 7, "object_id": "66", "object_repr": "Research Center", "action_flag": 1, "change_message": "[{\"added\": {}}]"}}, {"model": "admin.logentry", "pk": 151, "fields": {"action_time": "2023-06-20T17:51:17.163Z", "user": 1, "content_type": 6, "object_id": "83", "object_repr": "Cell ((23) Row in Financial Data, organization in Financial Data)", "action_flag": 2, "change_message": "[{\"changed\": {\"fields\": [\"Data\"]}}]"}}, {"model": "admin.logentry", "pk": 152, "fields": {"action_time": "2023-06-20T17:52:05.270Z", "user": 1, "content_type": 7, "object_id": "67", "object_repr": "Info Sec Office", "action_flag": 1, "change_message": "[{\"added\": {}}]"}}, {"model": "admin.logentry", "pk": 153, "fields": {"action_time": "2023-06-20T17:52:09.618Z", "user": 1, "content_type": 6, "object_id": "85", "object_repr": "Cell ((24) Row in Financial Data, organization in Financial Data)", "action_flag": 1, "change_message": "[{\"added\": {}}]"}}, {"model": "admin.logentry", "pk": 154, "fields": {"action_time": "2023-06-20T17:53:18.332Z", "user": 1, "content_type": 7, "object_id": "68", "object_repr": "47 USAF Org", "action_flag": 1, "change_message": "[{\"added\": {}}]"}}, {"model": "admin.logentry", "pk": 155, "fields": {"action_time": "2023-06-20T17:53:22.920Z", "user": 1, "content_type": 6, "object_id": "86", "object_repr": "Cell ((25) Row in Financial Data, organization in Financial Data)", "action_flag": 1, "change_message": "[{\"added\": {}}]"}}, {"model": "admin.logentry", "pk": 156, "fields": {"action_time": "2023-06-20T17:53:57.555Z", "user": 1, "content_type": 7, "object_id": "69", "object_repr": "5 USAF Org", "action_flag": 1, "change_message": "[{\"added\": {}}]"}}, {"model": "admin.logentry", "pk": 157, "fields": {"action_time": "2023-06-20T17:54:01.757Z", "user": 1, "content_type": 6, "object_id": "87", "object_repr": "Cell ((26) Row in Financial Data, organization in Financial Data)", "action_flag": 1, "change_message": "[{\"added\": {}}]"}}, {"model": "admin.logentry", "pk": 158, "fields": {"action_time": "2023-06-20T17:54:23.757Z", "user": 1, "content_type": 6, "object_id": "88", "object_repr": "Cell ((27) Row in Financial Data, organization in Financial Data)", "action_flag": 1, "change_message": "[{\"added\": {}}]"}}, {"model": "admin.logentry", "pk": 159, "fields": {"action_time": "2023-06-20T17:56:58.882Z", "user": 1, "content_type": 7, "object_id": "70", "object_repr": "XYZ", "action_flag": 1, "change_message": "[{\"added\": {}}]"}}, {"model": "admin.logentry", "pk": 160, "fields": {"action_time": "2023-06-20T17:57:03.997Z", "user": 1, "content_type": 6, "object_id": "89", "object_repr": "Cell ((20) Row in Financial Data, category in Financial Data)", "action_flag": 1, "change_message": "[{\"added\": {}}]"}}, {"model": "admin.logentry", "pk": 161, "fields": {"action_time": "2023-06-20T17:57:21.086Z", "user": 1, "content_type": 7, "object_id": "71", "object_repr": "ZXY", "action_flag": 1, "change_message": "[{\"added\": {}}]"}}, {"model": "admin.logentry", "pk": 162, "fields": {"action_time": "2023-06-20T17:57:25.520Z", "user": 1, "content_type": 6, "object_id": "90", "object_repr": "Cell ((21) Row in Financial Data, category in Financial Data)", "action_flag": 1, "change_message": "[{\"added\": {}}]"}}, {"model": "admin.logentry", "pk": 163, "fields": {"action_time": "2023-06-20T17:57:41.078Z", "user": 1, "content_type": 7, "object_id": "72", "object_repr": "GHT", "action_flag": 1, "change_message": "[{\"added\": {}}]"}}, {"model": "admin.logentry", "pk": 164, "fields": {"action_time": "2023-06-20T17:57:44.603Z", "user": 1, "content_type": 6, "object_id": "91", "object_repr": "Cell ((22) Row in Financial Data, category in Financial Data)", "action_flag": 1, "change_message": "[{\"added\": {}}]"}}, {"model": "admin.logentry", "pk": 165, "fields": {"action_time": "2023-06-20T17:58:02.548Z", "user": 1, "content_type": 6, "object_id": "92", "object_repr": "Cell ((23) Row in Financial Data, category in Financial Data)", "action_flag": 1, "change_message": "[{\"added\": {}}]"}}, {"model": "admin.logentry", "pk": 166, "fields": {"action_time": "2023-06-20T17:58:21.164Z", "user": 1, "content_type": 6, "object_id": "93", "object_repr": "Cell ((24) Row in Financial Data, category in Financial Data)", "action_flag": 1, "change_message": "[{\"added\": {}}]"}}, {"model": "admin.logentry", "pk": 167, "fields": {"action_time": "2023-06-20T17:58:37.236Z", "user": 1, "content_type": 6, "object_id": "94", "object_repr": "Cell ((25) Row in Financial Data, category in Financial Data)", "action_flag": 1, "change_message": "[{\"added\": {}}]"}}, {"model": "admin.logentry", "pk": 168, "fields": {"action_time": "2023-06-20T17:58:51.891Z", "user": 1, "content_type": 6, "object_id": "95", "object_repr": "Cell ((26) Row in Financial Data, category in Financial Data)", "action_flag": 1, "change_message": "[{\"added\": {}}]"}}, {"model": "admin.logentry", "pk": 169, "fields": {"action_time": "2023-06-20T17:59:08.487Z", "user": 1, "content_type": 6, "object_id": "96", "object_repr": "Cell ((27) Row in Financial Data, category in Financial Data)", "action_flag": 1, "change_message": "[{\"added\": {}}]"}}, {"model": "admin.logentry", "pk": 170, "fields": {"action_time": "2023-06-20T18:00:12.757Z", "user": 1, "content_type": 7, "object_id": "73", "object_repr": "Required visitation needs", "action_flag": 1, "change_message": "[{\"added\": {}}]"}}, {"model": "admin.logentry", "pk": 171, "fields": {"action_time": "2023-06-20T18:00:19.668Z", "user": 1, "content_type": 6, "object_id": "97", "object_repr": "Cell ((20) Row in Financial Data, justification in Financial Data)", "action_flag": 1, "change_message": "[{\"added\": {}}]"}}, {"model": "admin.logentry", "pk": 172, "fields": {"action_time": "2023-06-20T18:01:26.449Z", "user": 1, "content_type": 7, "object_id": "74", "object_repr": "Operation requirements", "action_flag": 1, "change_message": "[{\"added\": {}}]"}}, {"model": "admin.logentry", "pk": 173, "fields": {"action_time": "2023-06-20T18:01:30.464Z", "user": 1, "content_type": 6, "object_id": "98", "object_repr": "Cell ((21) Row in Financial Data, justification in Financial Data)", "action_flag": 1, "change_message": "[{\"added\": {}}]"}}, {"model": "admin.logentry", "pk": 174, "fields": {"action_time": "2023-06-20T18:01:55.185Z", "user": 1, "content_type": 6, "object_id": "99", "object_repr": "Cell ((22) Row in Financial Data, justification in Financial Data)", "action_flag": 1, "change_message": "[{\"added\": {}}]"}}, {"model": "admin.logentry", "pk": 175, "fields": {"action_time": "2023-06-20T18:02:32.524Z", "user": 1, "content_type": 7, "object_id": "75", "object_repr": "Troop morale requirements", "action_flag": 1, "change_message": "[{\"added\": {}}]"}}, {"model": "admin.logentry", "pk": 176, "fields": {"action_time": "2023-06-20T18:02:36.854Z", "user": 1, "content_type": 6, "object_id": "100", "object_repr": "Cell ((23) Row in Financial Data, justification in Financial Data)", "action_flag": 1, "change_message": "[{\"added\": {}}]"}}, {"model": "admin.logentry", "pk": 177, "fields": {"action_time": "2023-06-20T18:03:13.403Z", "user": 1, "content_type": 6, "object_id": "101", "object_repr": "Cell ((24) Row in Financial Data, justification in Financial Data)", "action_flag": 1, "change_message": "[{\"added\": {}}]"}}, {"model": "admin.logentry", "pk": 178, "fields": {"action_time": "2023-06-20T18:03:38.967Z", "user": 1, "content_type": 6, "object_id": "102", "object_repr": "Cell ((25) Row in Financial Data, justification in Financial Data)", "action_flag": 1, "change_message": "[{\"added\": {}}]"}}, {"model": "admin.logentry", "pk": 179, "fields": {"action_time": "2023-06-20T18:03:54.938Z", "user": 1, "content_type": 6, "object_id": "103", "object_repr": "Cell ((26) Row in Financial Data, justification in Financial Data)", "action_flag": 1, "change_message": "[{\"added\": {}}]"}}, {"model": "admin.logentry", "pk": 180, "fields": {"action_time": "2023-06-20T18:04:36.563Z", "user": 1, "content_type": 6, "object_id": "104", "object_repr": "Cell ((27) Row in Financial Data, justification in Financial Data)", "action_flag": 1, "change_message": "[{\"added\": {}}]"}}, {"model": "admin.logentry", "pk": 181, "fields": {"action_time": "2023-06-20T18:09:05.567Z", "user": 1, "content_type": 7, "object_id": "76", "object_repr": "multi year project in year 2", "action_flag": 1, "change_message": "[{\"added\": {}}]"}}, {"model": "admin.logentry", "pk": 182, "fields": {"action_time": "2023-06-20T18:09:08.733Z", "user": 1, "content_type": 6, "object_id": "105", "object_repr": "Cell ((20) Row in Financial Data, financial_statement_title in Financial Data)", "action_flag": 1, "change_message": "[{\"added\": {}}]"}}, {"model": "admin.logentry", "pk": 183, "fields": {"action_time": "2023-06-20T18:09:25.648Z", "user": 1, "content_type": 7, "object_id": "77", "object_repr": "multi year project in year 3", "action_flag": 1, "change_message": "[{\"added\": {}}]"}}, {"model": "admin.logentry", "pk": 184, "fields": {"action_time": "2023-06-20T18:09:29.382Z", "user": 1, "content_type": 6, "object_id": "106", "object_repr": "Cell ((21) Row in Financial Data, financial_statement_title in Financial Data)", "action_flag": 1, "change_message": "[{\"added\": {}}]"}}, {"model": "admin.logentry", "pk": 185, "fields": {"action_time": "2023-06-20T18:10:08.238Z", "user": 1, "content_type": 7, "object_id": "78", "object_repr": "Project financial statement", "action_flag": 1, "change_message": "[{\"added\": {}}]"}}, {"model": "admin.logentry", "pk": 186, "fields": {"action_time": "2023-06-20T18:10:12.063Z", "user": 1, "content_type": 6, "object_id": "107", "object_repr": "Cell ((22) Row in Financial Data, financial_statement_title in Financial Data)", "action_flag": 1, "change_message": "[{\"added\": {}}]"}}, {"model": "admin.logentry", "pk": 187, "fields": {"action_time": "2023-06-20T18:10:48.398Z", "user": 1, "content_type": 6, "object_id": "108", "object_repr": "Cell ((23) Row in Financial Data, financial_statement_title in Financial Data)", "action_flag": 1, "change_message": "[{\"added\": {}}]"}}, {"model": "admin.logentry", "pk": 188, "fields": {"action_time": "2023-06-20T18:11:04.193Z", "user": 1, "content_type": 6, "object_id": "109", "object_repr": "Cell ((24) Row in Financial Data, financial_statement_title in Financial Data)", "action_flag": 1, "change_message": "[{\"added\": {}}]"}}, {"model": "admin.logentry", "pk": 189, "fields": {"action_time": "2023-06-20T18:11:20.317Z", "user": 1, "content_type": 6, "object_id": "110", "object_repr": "Cell ((25) Row in Financial Data, financial_statement_title in Financial Data)", "action_flag": 1, "change_message": "[{\"added\": {}}]"}}, {"model": "admin.logentry", "pk": 190, "fields": {"action_time": "2023-06-20T18:11:46.511Z", "user": 1, "content_type": 7, "object_id": "79", "object_repr": "Unique financial statement", "action_flag": 1, "change_message": "[{\"added\": {}}]"}}, {"model": "admin.logentry", "pk": 191, "fields": {"action_time": "2023-06-20T18:11:50.365Z", "user": 1, "content_type": 6, "object_id": "111", "object_repr": "Cell ((26) Row in Financial Data, financial_statement_title in Financial Data)", "action_flag": 1, "change_message": "[{\"added\": {}}]"}}, {"model": "admin.logentry", "pk": 192, "fields": {"action_time": "2023-06-20T18:12:09.254Z", "user": 1, "content_type": 6, "object_id": "112", "object_repr": "Cell ((27) Row in Financial Data, financial_statement_title in Financial Data)", "action_flag": 1, "change_message": "[{\"added\": {}}]"}}, {"model": "admin.logentry", "pk": 193, "fields": {"action_time": "2023-06-20T18:12:46.738Z", "user": 1, "content_type": 7, "object_id": "80", "object_repr": "step 1", "action_flag": 1, "change_message": "[{\"added\": {}}]"}}, {"model": "admin.logentry", "pk": 194, "fields": {"action_time": "2023-06-20T18:14:10.545Z", "user": 1, "content_type": 6, "object_id": "113", "object_repr": "Cell ((21) Row in Financial Data, financial_workflow in Financial Data)", "action_flag": 1, "change_message": "[{\"added\": {}}]"}}, {"model": "admin.logentry", "pk": 195, "fields": {"action_time": "2023-06-20T18:14:37.278Z", "user": 1, "content_type": 6, "object_id": "114", "object_repr": "Cell ((20) Row in Financial Data, financial_workflow in Financial Data)", "action_flag": 1, "change_message": "[{\"added\": {}}]"}}, {"model": "admin.logentry", "pk": 196, "fields": {"action_time": "2023-06-20T18:14:55.896Z", "user": 1, "content_type": 7, "object_id": "81", "object_repr": "2nd step", "action_flag": 1, "change_message": "[{\"added\": {}}]"}}, {"model": "admin.logentry", "pk": 197, "fields": {"action_time": "2023-06-20T18:14:59.891Z", "user": 1, "content_type": 6, "object_id": "115", "object_repr": "Cell ((23) Row in Financial Data, financial_workflow in Financial Data)", "action_flag": 1, "change_message": "[{\"added\": {}}]"}}, {"model": "admin.logentry", "pk": 198, "fields": {"action_time": "2023-06-20T18:15:12.887Z", "user": 1, "content_type": 6, "object_id": "116", "object_repr": "Cell ((24) Row in Financial Data, financial_workflow in Financial Data)", "action_flag": 1, "change_message": "[{\"added\": {}}]"}}, {"model": "admin.logentry", "pk": 199, "fields": {"action_time": "2023-06-20T18:15:25.901Z", "user": 1, "content_type": 6, "object_id": "117", "object_repr": "Cell ((25) Row in Financial Data, financial_workflow in Financial Data)", "action_flag": 1, "change_message": "[{\"added\": {}}]"}}, {"model": "admin.logentry", "pk": 200, "fields": {"action_time": "2023-06-20T18:15:38.671Z", "user": 1, "content_type": 6, "object_id": "118", "object_repr": "Cell ((26) Row in Financial Data, financial_workflow in Financial Data)", "action_flag": 1, "change_message": "[{\"added\": {}}]"}}, {"model": "admin.logentry", "pk": 201, "fields": {"action_time": "2023-06-20T18:15:53.726Z", "user": 1, "content_type": 6, "object_id": "119", "object_repr": "Cell ((27) Row in Financial Data, financial_workflow in Financial Data)", "action_flag": 1, "change_message": "[{\"added\": {}}]"}}, {"model": "admin.logentry", "pk": 202, "fields": {"action_time": "2023-06-20T18:16:52.991Z", "user": 1, "content_type": 7, "object_id": "82", "object_repr": "Top project of many", "action_flag": 1, "change_message": "[{\"added\": {}}]"}}, {"model": "admin.logentry", "pk": 203, "fields": {"action_time": "2023-06-20T18:16:58.488Z", "user": 1, "content_type": 6, "object_id": "120", "object_repr": "Cell ((20) Row in Financial Data, comments in Financial Data)", "action_flag": 1, "change_message": "[{\"added\": {}}]"}}, {"model": "admin.logentry", "pk": 204, "fields": {"action_time": "2023-06-20T18:17:16.366Z", "user": 1, "content_type": 6, "object_id": "121", "object_repr": "Cell ((21) Row in Financial Data, comments in Financial Data)", "action_flag": 1, "change_message": "[{\"added\": {}}]"}}, {"model": "admin.logentry", "pk": 205, "fields": {"action_time": "2023-06-20T18:17:34.567Z", "user": 1, "content_type": 7, "object_id": "83", "object_repr": "Project of projects", "action_flag": 1, "change_message": "[{\"added\": {}}]"}}, {"model": "admin.logentry", "pk": 206, "fields": {"action_time": "2023-06-20T18:17:38.208Z", "user": 1, "content_type": 6, "object_id": "122", "object_repr": "Cell ((22) Row in Financial Data, comments in Financial Data)", "action_flag": 1, "change_message": "[{\"added\": {}}]"}}, {"model": "admin.logentry", "pk": 207, "fields": {"action_time": "2023-06-20T18:17:54.450Z", "user": 1, "content_type": 6, "object_id": "123", "object_repr": "Cell ((23) Row in Financial Data, comments in Financial Data)", "action_flag": 1, "change_message": "[{\"added\": {}}]"}}, {"model": "admin.logentry", "pk": 208, "fields": {"action_time": "2023-06-20T18:18:17.145Z", "user": 1, "content_type": 6, "object_id": "124", "object_repr": "Cell ((24) Row in Financial Data, comments in Financial Data)", "action_flag": 1, "change_message": "[{\"added\": {}}]"}}, {"model": "admin.logentry", "pk": 209, "fields": {"action_time": "2023-06-20T18:18:34.391Z", "user": 1, "content_type": 6, "object_id": "125", "object_repr": "Cell ((25) Row in Financial Data, comments in Financial Data)", "action_flag": 1, "change_message": "[{\"added\": {}}]"}}, {"model": "admin.logentry", "pk": 210, "fields": {"action_time": "2023-06-20T18:18:47.147Z", "user": 1, "content_type": 6, "object_id": "126", "object_repr": "Cell ((26) Row in Financial Data, comments in Financial Data)", "action_flag": 1, "change_message": "[{\"added\": {}}]"}}, {"model": "admin.logentry", "pk": 211, "fields": {"action_time": "2023-06-20T18:19:03.292Z", "user": 1, "content_type": 6, "object_id": "127", "object_repr": "Cell ((27) Row in Financial Data, comments in Financial Data)", "action_flag": 1, "change_message": "[{\"added\": {}}]"}}, {"model": "admin.logentry", "pk": 212, "fields": {"action_time": "2023-06-20T18:19:29.776Z", "user": 1, "content_type": 7, "object_id": "84", "object_repr": "Updated budget requirements", "action_flag": 1, "change_message": "[{\"added\": {}}]"}}, {"model": "admin.logentry", "pk": 213, "fields": {"action_time": "2023-06-20T18:19:33.156Z", "user": 1, "content_type": 6, "object_id": "128", "object_repr": "Cell ((20) Row in Financial Data, recent_activity in Financial Data)", "action_flag": 1, "change_message": "[{\"added\": {}}]"}}, {"model": "admin.logentry", "pk": 214, "fields": {"action_time": "2023-06-20T18:20:12.942Z", "user": 1, "content_type": 6, "object_id": "129", "object_repr": "Cell ((23) Row in Financial Data, recent_activity in Financial Data)", "action_flag": 1, "change_message": "[{\"added\": {}}]"}}, {"model": "admin.logentry", "pk": 215, "fields": {"action_time": "2023-06-20T18:20:31.824Z", "user": 1, "content_type": 6, "object_id": "130", "object_repr": "Cell ((26) Row in Financial Data, recent_activity in Financial Data)", "action_flag": 1, "change_message": "[{\"added\": {}}]"}}, {"model": "admin.logentry", "pk": 216, "fields": {"action_time": "2023-06-20T18:30:09.239Z", "user": 1, "content_type": 4, "object_id": "20", "object_repr": "(20) Row in Financial Data", "action_flag": 2, "change_message": "[{\"changed\": {\"fields\": [\"Access attributes\"]}}]"}}, {"model": "admin.logentry", "pk": 217, "fields": {"action_time": "2023-06-20T18:30:16.732Z", "user": 1, "content_type": 4, "object_id": "21", "object_repr": "(21) Row in Financial Data", "action_flag": 2, "change_message": "[{\"changed\": {\"fields\": [\"Access attributes\"]}}]"}}, {"model": "admin.logentry", "pk": 218, "fields": {"action_time": "2023-06-20T18:30:24.871Z", "user": 1, "content_type": 4, "object_id": "22", "object_repr": "(22) Row in Financial Data", "action_flag": 2, "change_message": "[{\"changed\": {\"fields\": [\"Access attributes\"]}}]"}}, {"model": "admin.logentry", "pk": 219, "fields": {"action_time": "2023-06-20T18:30:35.924Z", "user": 1, "content_type": 4, "object_id": "25", "object_repr": "(25) Row in Financial Data", "action_flag": 2, "change_message": "[{\"changed\": {\"fields\": [\"Access attributes\"]}}]"}}, {"model": "admin.logentry", "pk": 220, "fields": {"action_time": "2023-06-20T18:30:41.279Z", "user": 1, "content_type": 4, "object_id": "26", "object_repr": "(26) Row in Financial Data", "action_flag": 2, "change_message": "[{\"changed\": {\"fields\": [\"Access attributes\"]}}]"}}, {"model": "admin.logentry", "pk": 221, "fields": {"action_time": "2023-06-20T18:30:46.514Z", "user": 1, "content_type": 4, "object_id": "27", "object_repr": "(27) Row in Financial Data", "action_flag": 2, "change_message": "[{\"changed\": {\"fields\": [\"Access attributes\"]}}]"}}, {"model": "admin.logentry", "pk": 222, "fields": {"action_time": "2023-06-20T18:30:53.021Z", "user": 1, "content_type": 4, "object_id": "28", "object_repr": "(28) Row in Financial Data", "action_flag": 2, "change_message": "[{\"changed\": {\"fields\": [\"Access attributes\"]}}]"}}, {"model": "admin.logentry", "pk": 223, "fields": {"action_time": "2023-06-20T18:30:59.798Z", "user": 1, "content_type": 4, "object_id": "29", "object_repr": "(29) Row in Financial Data", "action_flag": 2, "change_message": "[{\"changed\": {\"fields\": [\"Access attributes\"]}}]"}}, {"model": "admin.logentry", "pk": 224, "fields": {"action_time": "2023-06-20T18:31:04.613Z", "user": 1, "content_type": 4, "object_id": "28", "object_repr": "(28) Row in Financial Data", "action_flag": 2, "change_message": "[]"}}, {"model": "admin.logentry", "pk": 225, "fields": {"action_time": "2023-06-20T18:31:09.447Z", "user": 1, "content_type": 4, "object_id": "30", "object_repr": "(30) Row in Financial Data", "action_flag": 2, "change_message": "[{\"changed\": {\"fields\": [\"Access attributes\"]}}]"}}, {"model": "admin.logentry", "pk": 226, "fields": {"action_time": "2023-06-20T18:31:14.329Z", "user": 1, "content_type": 4, "object_id": "31", "object_repr": "(31) Row in Financial Data", "action_flag": 2, "change_message": "[{\"changed\": {\"fields\": [\"Access attributes\"]}}]"}}, {"model": "admin.logentry", "pk": 227, "fields": {"action_time": "2023-06-20T18:31:20.569Z", "user": 1, "content_type": 4, "object_id": "27", "object_repr": "(27) Row in Financial Data", "action_flag": 2, "change_message": "[]"}}, {"model": "admin.logentry", "pk": 228, "fields": {"action_time": "2023-06-20T18:31:24.391Z", "user": 1, "content_type": 4, "object_id": "26", "object_repr": "(26) Row in Financial Data", "action_flag": 2, "change_message": "[]"}}, {"model": "admin.logentry", "pk": 229, "fields": {"action_time": "2023-06-20T18:31:28.219Z", "user": 1, "content_type": 4, "object_id": "25", "object_repr": "(25) Row in Financial Data", "action_flag": 2, "change_message": "[]"}}, {"model": "admin.logentry", "pk": 230, "fields": {"action_time": "2023-06-20T18:31:33.139Z", "user": 1, "content_type": 4, "object_id": "24", "object_repr": "(24) Row in Financial Data", "action_flag": 2, "change_message": "[{\"changed\": {\"fields\": [\"Access attributes\"]}}]"}}, {"model": "admin.logentry", "pk": 231, "fields": {"action_time": "2023-06-20T18:31:37.832Z", "user": 1, "content_type": 4, "object_id": "24", "object_repr": "(24) Row in Financial Data", "action_flag": 2, "change_message": "[]"}}, {"model": "auth.permission", "pk": 1, "fields": {"name": "Can add access attribute", "content_type": 1, "codename": "add_accessattribute"}}, {"model": "auth.permission", "pk": 2, "fields": {"name": "Can change access attribute", "content_type": 1, "codename": "change_accessattribute"}}, {"model": "auth.permission", "pk": 3, "fields": {"name": "Can delete access attribute", "content_type": 1, "codename": "delete_accessattribute"}}, {"model": "auth.permission", "pk": 4, "fields": {"name": "Can view access attribute", "content_type": 1, "codename": "view_accessattribute"}}, {"model": "auth.permission", "pk": 5, "fields": {"name": "Can add classification", "content_type": 2, "codename": "add_classification"}}, {"model": "auth.permission", "pk": 6, "fields": {"name": "Can change classification", "content_type": 2, "codename": "change_classification"}}, {"model": "auth.permission", "pk": 7, "fields": {"name": "Can delete classification", "content_type": 2, "codename": "delete_classification"}}, {"model": "auth.permission", "pk": 8, "fields": {"name": "Can view classification", "content_type": 2, "codename": "view_classification"}}, {"model": "auth.permission", "pk": 9, "fields": {"name": "Can add data table", "content_type": 3, "codename": "add_datatable"}}, {"model": "auth.permission", "pk": 10, "fields": {"name": "Can change data table", "content_type": 3, "codename": "change_datatable"}}, {"model": "auth.permission", "pk": 11, "fields": {"name": "Can delete data table", "content_type": 3, "codename": "delete_datatable"}}, {"model": "auth.permission", "pk": 12, "fields": {"name": "Can view data table", "content_type": 3, "codename": "view_datatable"}}, {"model": "auth.permission", "pk": 13, "fields": {"name": "Can add data row", "content_type": 4, "codename": "add_datarow"}}, {"model": "auth.permission", "pk": 14, "fields": {"name": "Can change data row", "content_type": 4, "codename": "change_datarow"}}, {"model": "auth.permission", "pk": 15, "fields": {"name": "Can delete data row", "content_type": 4, "codename": "delete_datarow"}}, {"model": "auth.permission", "pk": 16, "fields": {"name": "Can view data row", "content_type": 4, "codename": "view_datarow"}}, {"model": "auth.permission", "pk": 17, "fields": {"name": "Can add data column", "content_type": 5, "codename": "add_datacolumn"}}, {"model": "auth.permission", "pk": 18, "fields": {"name": "Can change data column", "content_type": 5, "codename": "change_datacolumn"}}, {"model": "auth.permission", "pk": 19, "fields": {"name": "Can delete data column", "content_type": 5, "codename": "delete_datacolumn"}}, {"model": "auth.permission", "pk": 20, "fields": {"name": "Can view data column", "content_type": 5, "codename": "view_datacolumn"}}, {"model": "auth.permission", "pk": 21, "fields": {"name": "Can add data cell", "content_type": 6, "codename": "add_datacell"}}, {"model": "auth.permission", "pk": 22, "fields": {"name": "Can change data cell", "content_type": 6, "codename": "change_datacell"}}, {"model": "auth.permission", "pk": 23, "fields": {"name": "Can delete data cell", "content_type": 6, "codename": "delete_datacell"}}, {"model": "auth.permission", "pk": 24, "fields": {"name": "Can view data cell", "content_type": 6, "codename": "view_datacell"}}, {"model": "auth.permission", "pk": 25, "fields": {"name": "Can add data content", "content_type": 7, "codename": "add_datacontent"}}, {"model": "auth.permission", "pk": 26, "fields": {"name": "Can change data content", "content_type": 7, "codename": "change_datacontent"}}, {"model": "auth.permission", "pk": 27, "fields": {"name": "Can delete data content", "content_type": 7, "codename": "delete_datacontent"}}, {"model": "auth.permission", "pk": 28, "fields": {"name": "Can view data content", "content_type": 7, "codename": "view_datacontent"}}, {"model": "auth.permission", "pk": 29, "fields": {"name": "Can add user", "content_type": 8, "codename": "add_user"}}, {"model": "auth.permission", "pk": 30, "fields": {"name": "Can change user", "content_type": 8, "codename": "change_user"}}, {"model": "auth.permission", "pk": 31, "fields": {"name": "Can delete user", "content_type": 8, "codename": "delete_user"}}, {"model": "auth.permission", "pk": 32, "fields": {"name": "Can view user", "content_type": 8, "codename": "view_user"}}, {"model": "auth.permission", "pk": 33, "fields": {"name": "Can add log entry", "content_type": 9, "codename": "add_logentry"}}, {"model": "auth.permission", "pk": 34, "fields": {"name": "Can change log entry", "content_type": 9, "codename": "change_logentry"}}, {"model": "auth.permission", "pk": 35, "fields": {"name": "Can delete log entry", "content_type": 9, "codename": "delete_logentry"}}, {"model": "auth.permission", "pk": 36, "fields": {"name": "Can view log entry", "content_type": 9, "codename": "view_logentry"}}, {"model": "auth.permission", "pk": 37, "fields": {"name": "Can add permission", "content_type": 10, "codename": "add_permission"}}, {"model": "auth.permission", "pk": 38, "fields": {"name": "Can change permission", "content_type": 10, "codename": "change_permission"}}, {"model": "auth.permission", "pk": 39, "fields": {"name": "Can delete permission", "content_type": 10, "codename": "delete_permission"}}, {"model": "auth.permission", "pk": 40, "fields": {"name": "Can view permission", "content_type": 10, "codename": "view_permission"}}, {"model": "auth.permission", "pk": 41, "fields": {"name": "Can add group", "content_type": 11, "codename": "add_group"}}, {"model": "auth.permission", "pk": 42, "fields": {"name": "Can change group", "content_type": 11, "codename": "change_group"}}, {"model": "auth.permission", "pk": 43, "fields": {"name": "Can delete group", "content_type": 11, "codename": "delete_group"}}, {"model": "auth.permission", "pk": 44, "fields": {"name": "Can view group", "content_type": 11, "codename": "view_group"}}, {"model": "auth.permission", "pk": 45, "fields": {"name": "Can add content type", "content_type": 12, "codename": "add_contenttype"}}, {"model": "auth.permission", "pk": 46, "fields": {"name": "Can change content type", "content_type": 12, "codename": "change_contenttype"}}, {"model": "auth.permission", "pk": 47, "fields": {"name": "Can delete content type", "content_type": 12, "codename": "delete_contenttype"}}, {"model": "auth.permission", "pk": 48, "fields": {"name": "Can view content type", "content_type": 12, "codename": "view_contenttype"}}, {"model": "auth.permission", "pk": 49, "fields": {"name": "Can add session", "content_type": 13, "codename": "add_session"}}, {"model": "auth.permission", "pk": 50, "fields": {"name": "Can change session", "content_type": 13, "codename": "change_session"}}, {"model": "auth.permission", "pk": 51, "fields": {"name": "Can delete session", "content_type": 13, "codename": "delete_session"}}, {"model": "auth.permission", "pk": 52, "fields": {"name": "Can view session", "content_type": 13, "codename": "view_session"}}, {"model": "contenttypes.contenttype", "pk": 1, "fields": {"app_label": "data_tables", "model": "accessattribute"}}, {"model": "contenttypes.contenttype", "pk": 2, "fields": {"app_label": "data_tables", "model": "classification"}}, {"model": "contenttypes.contenttype", "pk": 3, "fields": {"app_label": "data_tables", "model": "datatable"}}, {"model": "contenttypes.contenttype", "pk": 4, "fields": {"app_label": "data_tables", "model": "datarow"}}, {"model": "contenttypes.contenttype", "pk": 5, "fields": {"app_label": "data_tables", "model": "datacolumn"}}, {"model": "contenttypes.contenttype", "pk": 6, "fields": {"app_label": "data_tables", "model": "datacell"}}, {"model": "contenttypes.contenttype", "pk": 7, "fields": {"app_label": "data_tables", "model": "datacontent"}}, {"model": "contenttypes.contenttype", "pk": 8, "fields": {"app_label": "users", "model": "user"}}, {"model": "contenttypes.contenttype", "pk": 9, "fields": {"app_label": "admin", "model": "logentry"}}, {"model": "contenttypes.contenttype", "pk": 10, "fields": {"app_label": "auth", "model": "permission"}}, {"model": "contenttypes.contenttype", "pk": 11, "fields": {"app_label": "auth", "model": "group"}}, {"model": "contenttypes.contenttype", "pk": 12, "fields": {"app_label": "contenttypes", "model": "contenttype"}}, {"model": "contenttypes.contenttype", "pk": 13, "fields": {"app_label": "sessions", "model": "session"}}, {"model": "sessions.session", "pk": "cv12cv3t3u9xz03qkrxy0wu0uhsutc0g", "fields": {"session_data": ".eJxVj81ugzAQhN9lzxHCGLyGW38uVQ99BGvtXYoVZEdg1LRR3r2kzSXXbzTfaC6QIwe3FiqywnC5Hv7BnD9jcknOBYa0zfMBHG1lctsqi4sMAzTwwDyFo6Rb8FNOzi_5a6fVLa_e5TvMmY4fb68vTzuQVGKgEnN6vpceTBOt066RrmGtfT8G2xsTRhprrL1CTy3Wje8ImTo2zGKCYKeEqW6xNUGhBC0K7k8iu5L3FSfnU1z-ZmFQxmJjjVW66nuNurXXXyV5WcM:1qBg8v:EUimleIuZIQL4YMbKb9RF2c2OzrxqPUcq9e7CRsNMzY", "expire_date": "2023-07-04T18:31:53.994Z"}}]